/*
SQLyog Ultimate v12.5.1 (64 bit)
MySQL - 8.0.13 : Database - datawarehouse
*********************************************************************
*/

/*!40101 SET NAMES utf8 */;

/*!40101 SET SQL_MODE=''*/;

/*!40014 SET @OLD_UNIQUE_CHECKS=@@UNIQUE_CHECKS, UNIQUE_CHECKS=0 */;
/*!40014 SET @OLD_FOREIGN_KEY_CHECKS=@@FOREIGN_KEY_CHECKS, FOREIGN_KEY_CHECKS=0 */;
/*!40101 SET @OLD_SQL_MODE=@@SQL_MODE, SQL_MODE='NO_AUTO_VALUE_ON_ZERO' */;
/*!40111 SET @OLD_SQL_NOTES=@@SQL_NOTES, SQL_NOTES=0 */;
CREATE DATABASE /*!32312 IF NOT EXISTS*/`datawarehouse` /*!40100 DEFAULT CHARACTER SET utf8mb4 COLLATE utf8mb4_0900_ai_ci */;

USE `datawarehouse`;

/*Table structure for table `dimensi_barang` */

DROP TABLE IF EXISTS `dimensi_barang`;

CREATE TABLE `dimensi_barang` (
  `SK_BARANG` int(11) NOT NULL AUTO_INCREMENT,
  `BARANG` varchar(50) CHARACTER SET utf8mb4 COLLATE utf8mb4_0900_ai_ci DEFAULT NULL,
  KEY `SK_BARANG` (`SK_BARANG`)
) ENGINE=InnoDB AUTO_INCREMENT=1880 DEFAULT CHARSET=utf8mb4 COLLATE=utf8mb4_0900_ai_ci;

/*Data for the table `dimensi_barang` */

insert  into `dimensi_barang`(`SK_BARANG`,`BARANG`) values 
(1,'amanda 15kg'),
(2,'aqua 1500 ml'),
(3,'aqua 600 ml'),
(4,'b 29 pot'),
(5,'beras bernas'),
(6,'beras bernas 15kg'),
(7,'beras bernas 5 kg'),
(8,'beras harum manis 10 kg'),
(9,'beras harum manis 16 kg'),
(10,'beras harum manis 5 kg'),
(11,'beras kano 16kg'),
(12,'beras mangga 1kg'),
(13,'beras mawar 15kg'),
(14,'beras mawar 20kg'),
(15,'beras melon'),
(16,'beras melon 16kg'),
(17,'beras melon 5kg'),
(18,'beras melon 9kg'),
(19,'berasmu 17kg'),
(20,'bihun padamu'),
(21,'biskuit rosa ria'),
(22,'ciki kentang 14 gr isi 30'),
(23,'ciki kentang 31 gr isi 20'),
(24,'ciki kentang 62 gr isi 20'),
(25,'ciki kentang 8 gr isi 40'),
(26,'ciki taro'),
(27,'garam cap kapal 250 gr exp 2025'),
(28,'garam cap kapal 250 grm exp 202'),
(29,'garam cap kapal 500 gr exp 2025'),
(30,'gula ratu'),
(31,'gula semut'),
(32,'hock guan cokelat'),
(33,'hock guan cream'),
(34,'hot-hot kaki'),
(35,'jas jus anggur'),
(36,'jas jus jeruk'),
(37,'kantong alfa 15 bening'),
(38,'kantong macan 40 hitam'),
(39,'kantong macan merah/hitam'),
(40,'kantong semangka 21'),
(41,'kantong semangka warna'),
(42,'kertas nasi gajah merah'),
(43,'kopi kapal api 380gr'),
(44,'kratindaeng 150ml'),
(45,'kripik kusuka 60 gr'),
(46,'krupuk nuri'),
(47,'krupuk panda'),
(48,'krupuk unyil'),
(49,'lada bubuk isi 8 pak x72'),
(50,'lasegar cap badak rasa jeruk'),
(51,'lasegar cap badak rasa lyche'),
(52,'lasegar leci'),
(53,'lilin isi 20'),
(54,'lilin isi 40'),
(55,'malkist coklat'),
(56,'meses agogo coklat'),
(57,'meses agogo warna'),
(58,'mie belalang ter 24 merah'),
(59,'mie belalang ter 9 hijau'),
(60,'mie kuda keriting'),
(61,'mie kuda menjangan lurus'),
(62,'mie sedap goreng'),
(63,'minyak bimoli 5 liter'),
(64,'minyak kuda 5 liter'),
(65,'minyak lentera 4.8 liter'),
(66,'minyak lentera 5 liter'),
(67,'minyak lentera 600 ml'),
(68,'minyak lentera 900 ml'),
(69,'minyak lentera mas 250ml'),
(70,'minyak lentera mas 300ml'),
(71,'minyak lentera mas 400 ml'),
(72,'minyak lentera mas 600ml'),
(73,'minyak mubarok 1.8 liter'),
(74,'minyak mubarok 250 ml'),
(75,'minyak mubarok 900 liter'),
(76,'minyak tropical 2L btl'),
(77,'nisin kerispi'),
(78,'peluru usa'),
(79,'pendekar biru'),
(80,'pepsodent 120 gr'),
(81,'pepsodent 75 gr'),
(82,'permen HBM'),
(83,'permen hot ball mangga'),
(84,'permen hot-hot pop rantang'),
(85,'permen kaki'),
(86,'permen pendekar biru teko'),
(87,'plakban coklat besar'),
(88,'plastik es batu no.12'),
(89,'plastik gula 1 kg kabur'),
(90,'plastik gula 1/2 kg kabur'),
(91,'rinso 770 gr'),
(92,'roma kelapa'),
(93,'roma kelapa 4x7'),
(94,'roma malkist chocolate 120g'),
(95,'roma malkist crakcer'),
(96,'sabun daia bunga 290 gr'),
(97,'sabun daia bunga 850 gr'),
(98,'sabun daia lemon 290 gr'),
(99,'sabun daia lemon 850 gr'),
(100,'sabun daia putih 290 gr'),
(101,'sabun daia putih 850 gr'),
(102,'sabun daia softener 290 gr'),
(103,'sabun daia softener 850 gr'),
(104,'sabun daia violet 850 gr'),
(105,'sabun lifeboy merah'),
(106,'sabun lifeboy putih'),
(107,'sabun shinzui isi 12 lusin'),
(108,'sandal swallow'),
(109,'sandal swallow 10-10 12'),
(110,'sandal swallow no 11'),
(111,'sandal swallow seri 20'),
(112,'sikat gigi formula'),
(113,'sirup abc jeruk'),
(114,'sirup abc nanas'),
(115,'sirup coco pandan  15/02/21'),
(116,'sirup nanas'),
(117,'sirup special melon 15/2/22'),
(118,'so klin smart color'),
(119,'so klin smart softener'),
(120,'so klin smart white'),
(121,'sunlight 210 ml'),
(122,'sunlight 400 ml'),
(123,'sunlight 755 ml'),
(124,'tali rafia 3 ons isi 10 pcs'),
(125,'tali rafia 5 ons isi 10 pcs'),
(126,'teh celup bendera'),
(127,'teh celup sariwangi'),
(128,'tepung beras'),
(129,'tepung kanji 2 ayam'),
(130,'winston'),
(131,'yamato besar 24 kaleng'),
(132,'yamato kecil 4lusin'),
(133,'you c 1000 orange');

/*Table structure for table `dimensi_harga` */

DROP TABLE IF EXISTS `dimensi_harga`;

CREATE TABLE `dimensi_harga` (
  `SK_HARGA` int(11) NOT NULL AUTO_INCREMENT,
  `HARGA` int(11) DEFAULT NULL,
  KEY `SK_HARGA` (`SK_HARGA`)
) ENGINE=InnoDB AUTO_INCREMENT=1755 DEFAULT CHARSET=utf8mb4 COLLATE=utf8mb4_0900_ai_ci;

/*Data for the table `dimensi_harga` */

insert  into `dimensi_harga`(`SK_HARGA`,`HARGA`) values 
(1,12000),
(2,44000),
(3,52000),
(4,55000),
(5,57000),
(6,58000),
(7,60000),
(8,61000),
(9,62000),
(10,62500),
(11,63000),
(12,64000),
(13,65000),
(14,70000),
(15,72000),
(16,73000),
(17,75000),
(18,80000),
(19,83000),
(20,85000),
(21,86000),
(22,87000),
(23,88000),
(24,90000),
(25,91000),
(26,92000),
(27,93000),
(28,95000),
(29,100000),
(30,104500),
(31,105000),
(32,108000),
(33,110000),
(34,112000),
(35,113000),
(36,115000),
(37,117000),
(38,118000),
(39,120000),
(40,125000),
(41,130000),
(42,135000),
(43,138000),
(44,140000),
(45,145000),
(46,147000),
(47,148000),
(48,150000),
(49,155000),
(50,160000),
(51,162000),
(52,165000),
(53,168000),
(54,170000),
(55,172000),
(56,173000),
(57,174000),
(58,175000),
(59,178000),
(60,180000),
(61,185000),
(62,188000),
(63,190000),
(64,192000),
(65,195000),
(66,198000),
(67,200000),
(68,204000),
(69,205000),
(70,210000),
(71,215000),
(72,218000),
(73,220000),
(74,222000),
(75,222500),
(76,225000),
(77,228000),
(78,230000),
(79,235000),
(80,240000),
(81,242000),
(82,245000),
(83,250000),
(84,255000),
(85,260000),
(86,265000),
(87,270000),
(88,275000),
(89,278000),
(90,285000),
(91,290000),
(92,300000),
(93,310000),
(94,315000),
(95,320000),
(96,325000),
(97,342000),
(98,343000),
(99,345000),
(100,350000),
(101,355000),
(102,360000),
(103,380000),
(104,390000),
(105,405000),
(106,440000),
(107,445000),
(108,450000),
(109,460000),
(110,510000),
(111,520000),
(112,525000),
(113,530000),
(114,540000),
(115,545000),
(116,550000),
(117,650000),
(118,685000),
(119,700000),
(120,750000),
(121,1000000),
(122,1050000),
(123,1200000),
(124,1400000),
(125,2300000),
(126,2330000),
(127,2350000),
(128,2500000),
(129,2900000);

/*Table structure for table `dimensi_kategori_barang` */

DROP TABLE IF EXISTS `dimensi_kategori_barang`;

CREATE TABLE `dimensi_kategori_barang` (
  `SK_KATEGORI_BARANG` int(11) NOT NULL AUTO_INCREMENT,
  `KATEGORI_BARANG` varchar(25) DEFAULT NULL,
  KEY `SK_KATEGORI_BARANG` (`SK_KATEGORI_BARANG`)
) ENGINE=InnoDB AUTO_INCREMENT=1154 DEFAULT CHARSET=utf8mb4 COLLATE=utf8mb4_0900_ai_ci;

/*Data for the table `dimensi_kategori_barang` */

insert  into `dimensi_kategori_barang`(`SK_KATEGORI_BARANG`,`KATEGORI_BARANG`) values 
(1,'etc'),
(2,'makanan'),
(3,'minuman'),
(4,'pokok'),
(5,'rumah tangga'),
(6,'snack');

/*Table structure for table `dimensi_pembeli` */

DROP TABLE IF EXISTS `dimensi_pembeli`;

CREATE TABLE `dimensi_pembeli` (
  `SK_PEMBELI` int(11) NOT NULL AUTO_INCREMENT,
  `PEMBELI` tinytext,
  KEY `SK_PEMBELI` (`SK_PEMBELI`)
) ENGINE=InnoDB AUTO_INCREMENT=724 DEFAULT CHARSET=utf8mb4 COLLATE=utf8mb4_0900_ai_ci;

/*Data for the table `dimensi_pembeli` */

insert  into `dimensi_pembeli`(`SK_PEMBELI`,`PEMBELI`) values 
(1,'Ibu Marthen/ Pak guru'),
(2,'aci kios pasar wosi'),
(3,'afandi'),
(4,'agustina sowi'),
(5,'amran los pasar wosi'),
(6,'andi sp 4'),
(7,'aness arkuki'),
(8,'arai reremi'),
(9,'arfita'),
(10,'arjuna'),
(11,'armada arfai'),
(12,'arya mart reremi point'),
(13,'bambu kuning'),
(14,'bapak yuli eko'),
(15,'basri wasior'),
(16,'basri windesi'),
(17,'bpk agus sarina'),
(18,'bpk faisal arfai'),
(19,'bpk h achmad sudirman'),
(20,'bpk ismail'),
(21,'bpk joko'),
(22,'bpk joko sp 6'),
(23,'bpk mukono'),
(24,'bpk ramlan'),
(25,'bpk rasya wosi dalam'),
(26,'bpk yamin'),
(27,'bu budi'),
(28,'bu lek kom'),
(29,'cahaya abadi ransiki'),
(30,'cahaya baru'),
(31,'cahaya polewali'),
(32,'cahaya sidrap'),
(33,'cipto sp 9'),
(34,'citra utama psr wosi'),
(35,'diah sp 2'),
(36,'dyah sp 2'),
(37,'eka maruni'),
(38,'eka ratna'),
(39,'eklesia'),
(40,'fatwa'),
(41,'green apple amper'),
(42,'h.marala'),
(43,'hambali sp 11'),
(44,'hambali sp 9'),
(45,'hj surahman'),
(46,'hj.jora'),
(47,'hj.nur jaya'),
(48,'ibu ali sp 7'),
(49,'ibu badria'),
(50,'ibu harno ransiki'),
(51,'ibu heri sp 10'),
(52,'ibu ida sp 10'),
(53,'ibu idris sp 10'),
(54,'ibu iin sp4'),
(55,'ibu ija'),
(56,'ibu ija sp 10'),
(57,'ibu mar kios amban'),
(58,'ibu minten sp 9'),
(59,'ibu salma ransiki'),
(60,'ibu sumiati sp 5'),
(61,'ibu surika'),
(62,'ibu suwaji'),
(63,'ibu tuslan sp 7'),
(64,'ibu via arfai'),
(65,'ibu woni kenyum'),
(66,'ibu yuli sp 9'),
(67,'imelda komplek perum dokter'),
(68,'irah guru'),
(69,'irda warmare'),
(70,'irma cell'),
(71,'irman cell'),
(72,'kedecakpon reremi'),
(73,'kios 2 putra ransiki'),
(74,'kios aan sanggeng'),
(75,'kios abadi 2 sowi iv'),
(76,'kios airin'),
(77,'kios anggori'),
(78,'kios arfita'),
(79,'kios aska'),
(80,'kios aulian sp 1'),
(81,'kios barokah'),
(82,'kios bugi jaya'),
(83,'kios cipto pasar sanggeng sebelah astir'),
(84,'kios dara sowi iv'),
(85,'kios dhathar'),
(86,'kios dhathar reremi puncak'),
(87,'kios dini ransiki'),
(88,'kios dini samping kios airin'),
(89,'kios e tiga'),
(90,'kios e tiga wosi.sebelah gereja efrata'),
(91,'kios eci'),
(92,'kios gloria'),
(93,'kios iman'),
(94,'kios kembar'),
(95,'kios kilat'),
(96,'kios mifana'),
(97,'kios papua'),
(98,'kios prima'),
(99,'kios putri pasar sanggeng'),
(100,'kios qirani'),
(101,'kios sinar prafi'),
(102,'kios syifa'),
(103,'kios tia'),
(104,'kios tia dpn toko  jihan'),
(105,'kios umar pasar wosi samping tiga berlian'),
(106,'kios wifana'),
(107,'kios zakilla ransiki'),
(108,'mama beriel'),
(109,'mama dafa sebelah polsek bandara'),
(110,'mama eka'),
(111,'mama ena'),
(112,'mama iqbal'),
(113,'mama nona (riswanto)'),
(114,'mama yunus'),
(115,'mama yunus psr wosi'),
(116,'marina mari marina'),
(117,'mas din'),
(118,'mas din wosi-lembah hijau'),
(119,'mas yuli'),
(120,'mbak diana gaya baru'),
(121,'mbak ning'),
(122,'mekar jaya psr wosi'),
(123,'metro hamzah'),
(124,'mini market pinkan'),
(125,'muliati'),
(126,'muliati 2'),
(127,'mustofa'),
(128,'norma amban'),
(129,'nur rahmat'),
(130,'nurdin'),
(131,'ompo jaya jl.baru'),
(132,'pabrik roti mama k.bugis'),
(133,'pabrik roti sinar jaya'),
(134,'pak adnan'),
(135,'pak agus sp 1'),
(136,'pak andi'),
(137,'pak kholiq'),
(138,'pakde sariyan'),
(139,'pinang jaya'),
(140,'ramlah'),
(141,'rental sp 3'),
(142,'rental sp 7'),
(143,'reremi'),
(144,'ridwan borobudur'),
(145,'rika'),
(146,'riski sp 4'),
(147,'risky tabella'),
(148,'riswanto pasar wosi'),
(149,'rm handayani'),
(150,'rm kinanti sp 5'),
(151,'salim'),
(152,'saparudin ps sanggeng'),
(153,'senang mart sp 3'),
(154,'sinar ara-'),
(155,'sinar duri  pasar wosi'),
(156,'sinar mas'),
(157,'sinar maulana depan pom bbensin arfai 2'),
(158,'sinar pangkep'),
(159,'siswanto sp'),
(160,'sri rejeki'),
(161,'sumber jaya'),
(162,'sumdari'),
(163,'sundari'),
(164,'surya abadi kampung mulyono'),
(165,'syalom'),
(166,'tapanuli jaya sp 4'),
(167,'tingkat bhayangkara'),
(168,'titipan illahi'),
(169,'titipan illahi 2 psr wosi'),
(170,'tk gunung jati'),
(171,'tk.nur abadi'),
(172,'toko alfa  amban'),
(173,'toko aman jaya'),
(174,'toko amanda'),
(175,'toko ananda sanggeng'),
(176,'toko anjel afu marampa sowi ii'),
(177,'toko ansar'),
(178,'toko anul bintuni'),
(179,'toko asri'),
(180,'toko bandang'),
(181,'toko delta'),
(182,'toko enjel afu marampa sowi ii'),
(183,'toko intan jaya'),
(184,'toko kalinda'),
(185,'toko kalinda wosi'),
(186,'toko manokwari'),
(187,'toko senang'),
(188,'toko tangguh'),
(189,'toko tengah'),
(190,'toko wendy sanggeng'),
(191,'tonah ms'),
(192,'tonam ms'),
(193,'tonan ms'),
(194,'tono '),
(195,'tono kenyum'),
(196,'ud.berlian'),
(197,'ujung warmare'),
(198,'unreadable'),
(199,'wahil sanggeng'),
(200,'watampone bhayangkara'),
(201,'windy'),
(202,'wm ampera'),
(203,'wm.citra rasa amban');

/*Table structure for table `dimensi_satuan` */

DROP TABLE IF EXISTS `dimensi_satuan`;

CREATE TABLE `dimensi_satuan` (
  `SK_SATUAN` int(11) NOT NULL AUTO_INCREMENT,
  `SATUAN` varchar(10) DEFAULT NULL,
  PRIMARY KEY (`SK_SATUAN`)
) ENGINE=InnoDB AUTO_INCREMENT=671 DEFAULT CHARSET=utf8mb4 COLLATE=utf8mb4_0900_ai_ci;

/*Data for the table `dimensi_satuan` */

insert  into `dimensi_satuan`(`SK_SATUAN`,`SATUAN`) values 
(1,'BALL'),
(2,'CRT'),
(3,'LSN'),
(4,'SAK');

/*Table structure for table `dimensi_waktu` */

DROP TABLE IF EXISTS `dimensi_waktu`;

CREATE TABLE `dimensi_waktu` (
  `SK_WAKTU` int(11) NOT NULL AUTO_INCREMENT,
  `DATE` date DEFAULT NULL,
  KEY `SK_WAKTU` (`SK_WAKTU`)
) ENGINE=InnoDB AUTO_INCREMENT=245 DEFAULT CHARSET=utf8mb4 COLLATE=utf8mb4_0900_ai_ci;

/*Data for the table `dimensi_waktu` */

insert  into `dimensi_waktu`(`SK_WAKTU`,`DATE`) values 
(1,'2020-07-02'),
(2,'2020-07-03'),
(3,'2020-07-04'),
(4,'2020-07-06'),
(5,'2020-07-07'),
(6,'2020-07-08'),
(7,'2020-07-09'),
(8,'2020-07-10'),
(9,'2020-07-11'),
(10,'2020-07-13'),
(11,'2020-07-14'),
(12,'2020-07-16'),
(13,'2020-07-17'),
(14,'2020-07-18'),
(15,'2020-07-20'),
(16,'2020-07-21'),
(17,'2020-07-22'),
(18,'2020-07-23'),
(19,'2020-07-24'),
(20,'2020-07-25'),
(21,'2020-07-27'),
(22,'2020-07-28'),
(23,'2020-07-29'),
(24,'2020-07-30'),
(25,'2020-08-01'),
(26,'2020-08-03'),
(27,'2020-08-04'),
(28,'2020-08-05'),
(29,'2020-08-06'),
(30,'2020-08-07'),
(31,'2020-08-08'),
(32,'2020-08-10'),
(33,'2020-08-11'),
(34,'2020-08-12'),
(35,'2020-08-13'),
(36,'2020-08-14'),
(37,'2020-08-15'),
(38,'2020-08-18'),
(39,'2020-08-19'),
(40,'2020-08-21'),
(41,'2020-08-22'),
(42,'2020-08-25'),
(43,'2020-08-26'),
(44,'2020-08-27'),
(45,'2020-08-28'),
(46,'2020-08-31'),
(47,'2020-09-01'),
(48,'2020-09-03'),
(49,'2020-09-04'),
(50,'2020-09-05'),
(51,'2020-09-08'),
(52,'2020-09-09'),
(53,'2020-09-10'),
(54,'2020-09-12'),
(55,'2020-09-14'),
(56,'2020-09-15'),
(57,'2020-09-16'),
(58,'2020-09-17'),
(59,'2020-09-18'),
(60,'2020-09-21'),
(61,'2020-09-22'),
(62,'2020-09-23'),
(63,'2020-09-24'),
(64,'2020-09-25'),
(65,'2020-09-26'),
(66,'2020-09-27'),
(67,'2020-09-28'),
(68,'2020-09-29'),
(69,'2020-09-30');

/*Table structure for table `fact_penjualan` */

DROP TABLE IF EXISTS `fact_penjualan`;

CREATE TABLE `fact_penjualan` (
  `sk_penjualan` int(11) DEFAULT NULL,
  `sk_pembeli` int(11) DEFAULT NULL,
  `sk_waktu` int(11) DEFAULT NULL,
  `sk_barang` int(11) DEFAULT NULL,
  `sk_kategori_barang` int(11) DEFAULT NULL,
  `sk_satuan` int(11) DEFAULT NULL,
  `sk_harga` int(11) DEFAULT NULL,
  `qty` int(11) DEFAULT NULL,
  `total` int(11) DEFAULT NULL,
  KEY `sk_satuan` (`sk_satuan`),
  KEY `sk_pembeli` (`sk_pembeli`),
  KEY `sk_barang` (`sk_barang`),
  KEY `sk_harga` (`sk_harga`),
  KEY `sk_kategori_barang` (`sk_kategori_barang`),
  KEY `sk_waktu` (`sk_waktu`),
  CONSTRAINT `fact_penjualan_ibfk_1` FOREIGN KEY (`sk_satuan`) REFERENCES `dimensi_satuan` (`sk_satuan`),
  CONSTRAINT `fact_penjualan_ibfk_2` FOREIGN KEY (`sk_pembeli`) REFERENCES `dimensi_pembeli` (`sk_pembeli`),
  CONSTRAINT `fact_penjualan_ibfk_3` FOREIGN KEY (`sk_barang`) REFERENCES `dimensi_barang` (`sk_barang`),
  CONSTRAINT `fact_penjualan_ibfk_4` FOREIGN KEY (`sk_harga`) REFERENCES `dimensi_harga` (`sk_harga`),
  CONSTRAINT `fact_penjualan_ibfk_5` FOREIGN KEY (`sk_kategori_barang`) REFERENCES `dimensi_kategori_barang` (`sk_kategori_barang`),
  CONSTRAINT `fact_penjualan_ibfk_6` FOREIGN KEY (`sk_waktu`) REFERENCES `dimensi_waktu` (`sk_waktu`)
) ENGINE=InnoDB DEFAULT CHARSET=utf8mb4 COLLATE=utf8mb4_0900_ai_ci;

/*Data for the table `fact_penjualan` */

insert  into `fact_penjualan`(`sk_penjualan`,`sk_pembeli`,`sk_waktu`,`sk_barang`,`sk_kategori_barang`,`sk_satuan`,`sk_harga`,`qty`,`total`) values 
(1,1,2,51,3,2,39,1,120000),
(2,1,2,50,3,2,39,1,120000),
(3,1,2,97,5,2,67,1,200000),
(4,1,2,99,5,2,67,1,200000),
(5,1,2,62,2,2,31,2,210000),
(6,1,2,64,4,2,86,2,530000),
(7,1,2,75,4,2,58,1,175000),
(8,1,2,16,4,4,69,10,2050000),
(9,1,2,3,3,2,13,10,650000),
(10,1,2,2,3,2,117,20,13000000),
(11,1,2,84,6,2,67,1,200000),
(12,178,1,17,4,4,6,1090,63220000),
(13,178,1,127,3,2,79,28,6580000),
(14,80,1,14,4,4,73,25,5500000),
(15,60,1,17,4,4,13,10,650000),
(16,52,1,6,4,4,60,25,4500000),
(17,52,1,130,6,2,115,1,545000),
(18,52,1,14,4,4,76,10,2250000),
(19,143,1,16,4,4,65,10,1950000),
(20,143,1,11,4,4,67,1,200000),
(21,150,1,16,4,4,67,25,5000000),
(22,150,1,130,6,2,115,1,545000),
(23,150,1,63,4,2,91,5,1450000),
(24,42,1,67,4,2,61,50,9250000),
(25,42,1,4,5,2,48,30,4500000),
(26,42,1,111,1,4,125,1,2300000),
(27,42,1,17,4,4,9,100,6200000),
(28,42,1,18,4,4,33,50,5500000),
(29,29,1,9,4,4,64,50,9600000),
(30,29,1,129,5,4,116,2,1100000),
(31,30,1,9,4,4,64,100,19200000),
(32,30,1,107,5,2,110,5,2550000),
(33,30,1,79,6,2,83,5,1250000),
(34,30,1,34,6,2,83,3,750000),
(35,131,2,107,5,2,110,5,2550000),
(36,176,2,19,4,4,77,25,5700000),
(37,1,2,33,6,2,80,2,480000),
(38,1,2,132,2,2,100,1,350000),
(39,1,2,53,5,2,80,1,240000),
(40,1,2,100,5,2,40,1,125000),
(41,1,2,96,5,2,40,1,125000),
(42,1,2,64,4,2,86,2,530000),
(43,1,2,109,1,3,40,2,250000),
(44,1,2,111,1,3,39,3,360000),
(45,1,2,105,5,2,103,1,380000),
(46,1,2,92,6,2,72,3,654000),
(47,2,3,61,2,2,24,50,4500000),
(48,2,3,60,2,2,23,50,4400000),
(49,2,3,19,4,4,76,50,11250000),
(50,169,3,61,2,2,25,25,2275000),
(51,169,3,60,2,2,23,25,2200000),
(52,94,2,111,1,4,125,2,4600000),
(53,185,3,99,5,2,65,3,585000),
(54,185,3,97,5,2,65,3,585000),
(55,185,3,91,5,2,73,2,440000),
(56,173,3,11,4,4,65,30,5850000),
(57,144,3,60,2,2,23,10,880000),
(58,95,5,88,1,1,105,7,2835000),
(59,190,5,107,5,2,110,5,2550000),
(60,62,3,59,2,2,65,43,8385000),
(61,115,5,6,4,4,60,25,4500000),
(62,115,5,13,4,4,54,25,4250000),
(63,6,3,129,5,4,116,5,2750000),
(64,83,5,61,2,2,28,5,475000),
(65,83,5,60,2,2,28,5,475000),
(66,83,5,89,1,4,123,1,1200000),
(67,8,3,59,2,2,67,1,200000),
(68,8,3,20,2,1,18,2,160000),
(69,8,3,18,4,4,36,10,1150000),
(70,38,3,11,4,4,67,50,10000000),
(71,116,3,39,1,4,124,1,1400000),
(72,165,3,17,4,4,13,5,325000),
(73,165,3,18,4,4,36,5,575000),
(74,57,3,37,1,4,122,2,2100000),
(75,107,3,6,4,4,58,100,17500000),
(76,94,3,59,2,2,61,100,18500000),
(77,32,3,132,2,2,93,35,10850000),
(78,32,3,61,2,2,24,100,9000000),
(79,30,4,93,6,2,67,50,10000000),
(80,30,4,30,4,2,108,20,9000000),
(81,30,4,77,6,2,79,10,2350000),
(82,30,4,65,4,2,81,50,12100000),
(83,30,4,55,6,2,55,30,5160000),
(84,88,4,16,4,4,64,50,9600000),
(85,129,5,60,2,2,25,20,1820000),
(86,129,5,61,2,2,26,20,1840000),
(87,19,5,50,3,2,1,2,24000),
(88,19,5,94,6,2,58,1,175000),
(89,19,5,124,1,1,28,1,95000),
(90,19,5,125,1,1,42,1,135000),
(91,19,5,44,3,2,82,1,245000),
(92,172,8,38,1,4,122,1,1050000),
(93,172,8,19,4,4,77,25,5700000),
(94,32,4,95,6,2,43,77,10626000),
(95,9,4,60,2,2,28,10,950000),
(96,9,4,20,2,1,14,10,700000),
(97,138,4,16,4,4,64,50,9600000),
(98,29,4,61,2,2,26,20,1840000),
(99,32,4,13,4,4,53,150,25200000),
(100,123,5,61,2,2,26,10,920000),
(101,116,5,19,4,4,77,25,5700000),
(102,82,5,13,4,4,53,50,8400000),
(103,82,5,19,4,4,76,50,11250000),
(104,111,5,19,4,4,78,10,2300000),
(105,111,5,18,4,4,36,10,1150000),
(106,111,5,91,5,2,78,1,230000),
(107,111,5,99,5,2,67,1,200000),
(108,111,5,96,5,2,40,1,125000),
(109,111,5,93,6,2,72,1,218000),
(110,111,5,94,6,2,58,1,175000),
(111,111,5,64,4,2,86,1,265000),
(112,111,5,75,4,2,58,1,175000),
(113,198,5,13,4,4,53,25,4200000),
(114,198,5,19,4,4,76,25,5625000),
(115,159,5,46,6,2,24,5,450000),
(116,150,5,60,2,2,28,10,950000),
(117,60,5,105,5,2,103,1,380000),
(118,198,5,19,4,4,77,25,5700000),
(119,146,5,91,5,2,78,5,1150000),
(120,146,5,106,5,2,103,2,760000),
(121,146,5,105,5,2,103,2,760000),
(122,151,5,19,4,4,77,25,5700000),
(123,54,5,11,4,4,65,100,19500000),
(124,54,5,19,4,4,75,100,22250000),
(125,54,5,107,5,2,110,5,2550000),
(126,121,5,13,4,4,53,30,5040000),
(127,121,5,18,4,4,32,30,3240000),
(128,80,5,19,4,4,77,25,5700000),
(129,80,5,130,6,2,114,1,540000),
(130,80,5,109,1,3,40,2,250000),
(131,80,5,77,6,2,82,3,735000),
(132,80,5,121,5,2,40,5,625000),
(133,80,5,33,6,2,80,2,480000),
(134,135,5,6,4,4,13,10,650000),
(135,135,5,77,6,2,82,1,245000),
(136,135,5,63,4,2,91,2,580000),
(137,181,5,111,1,4,125,1,2300000),
(138,181,5,60,2,2,26,15,1380000),
(139,181,5,61,2,2,25,25,2275000),
(140,200,8,19,4,4,78,5,1150000),
(141,186,6,61,2,2,24,19,1710000),
(142,71,6,19,4,4,78,5,1150000),
(143,67,6,11,4,4,67,25,5000000),
(144,52,7,50,3,2,39,5,600000),
(145,52,7,46,6,2,24,2,180000),
(146,52,7,111,1,3,39,3,360000),
(147,51,7,1,5,2,60,1,180000),
(148,51,7,79,6,2,83,1,250000),
(149,51,7,130,6,2,116,1,550000),
(150,51,7,105,5,2,103,1,380000),
(151,51,7,18,4,4,36,10,1150000),
(152,4,8,19,4,4,78,10,2300000),
(153,44,7,128,5,2,48,5,750000),
(154,44,7,46,6,2,24,5,450000),
(155,44,7,130,6,2,116,2,1100000),
(156,44,7,18,4,4,33,50,5500000),
(157,44,7,16,4,4,67,25,5000000),
(158,53,7,111,1,3,39,2,240000),
(159,53,7,13,4,4,58,3,525000),
(160,53,7,18,4,4,36,3,345000),
(161,53,7,128,5,2,48,1,150000),
(162,33,7,41,1,4,119,1,700000),
(163,33,7,18,4,4,32,200,21600000),
(164,33,7,129,5,4,116,1,550000),
(165,27,7,6,4,4,58,50,8750000),
(166,159,7,9,4,4,67,10,2000000),
(167,159,7,16,4,4,69,10,2050000),
(168,80,7,9,4,4,67,10,2000000),
(169,104,8,19,4,4,76,50,11250000),
(170,104,8,13,4,4,54,50,8500000),
(171,66,8,6,4,4,60,25,4500000),
(172,18,8,63,4,2,91,5,1450000),
(173,18,8,77,6,2,82,1,245000),
(174,18,8,94,6,2,58,2,350000),
(175,18,8,93,6,2,72,1,218000),
(176,18,8,17,4,4,13,15,975000),
(177,18,8,40,1,4,122,1,1050000),
(178,109,8,16,4,4,65,15,2925000),
(179,132,8,1,5,2,58,50,8750000),
(180,64,8,19,4,4,77,25,5700000),
(181,64,8,16,4,4,73,25,5500000),
(182,64,8,17,4,4,11,30,1890000),
(183,30,9,18,4,4,32,200,21600000),
(184,30,9,6,4,4,58,100,17500000),
(185,30,9,65,4,2,81,50,12100000),
(186,32,9,6,4,4,56,200,34600000),
(187,42,9,94,6,2,58,10,1750000),
(188,59,9,13,4,4,54,30,5100000),
(189,59,9,6,4,4,58,30,5250000),
(190,59,9,125,1,1,42,2,270000),
(191,112,9,93,6,2,69,3,615000),
(192,112,9,30,4,2,109,2,920000),
(193,112,9,43,3,2,60,3,540000),
(194,30,9,33,6,2,76,25,5625000),
(195,30,9,28,4,2,45,50,7250000),
(196,50,9,17,4,4,8,200,12200000),
(197,50,9,111,1,4,125,1,2300000),
(198,50,9,48,6,2,60,5,900000),
(199,175,9,43,3,2,61,5,925000),
(200,128,10,68,4,2,54,1,170000),
(201,128,10,13,4,4,58,1,175000),
(202,128,10,111,1,3,39,1,120000),
(203,128,10,109,1,3,40,1,125000),
(204,128,10,94,6,2,58,1,175000),
(205,128,10,93,6,2,72,1,218000),
(206,128,10,1,5,2,60,1,180000),
(207,177,10,93,6,2,72,2,436000),
(208,177,10,33,6,2,80,1,240000),
(209,32,10,54,1,2,79,60,14100000),
(210,32,10,130,6,2,112,28,14700000),
(211,32,10,11,4,4,65,100,19500000),
(212,86,11,19,4,4,78,10,2300000),
(213,86,11,77,6,2,82,1,245000),
(214,86,11,94,6,2,58,1,175000),
(215,86,11,43,3,2,61,3,555000),
(216,86,11,99,5,2,67,1,200000),
(217,86,11,101,5,2,67,1,200000),
(218,86,11,103,5,2,67,1,200000),
(219,86,11,104,5,2,67,1,200000),
(220,86,11,96,5,2,40,1,125000),
(221,86,11,98,5,2,40,1,125000),
(222,86,11,102,5,2,40,1,125000),
(223,86,11,46,6,2,24,2,180000),
(224,86,11,48,6,2,60,1,180000),
(225,42,10,13,4,4,53,100,16800000),
(226,42,10,1,5,2,60,10,1800000),
(227,29,10,94,6,2,58,10,1750000),
(228,50,10,18,4,4,33,100,11000000),
(229,50,10,75,4,2,52,15,2475000),
(230,50,10,73,4,2,52,15,2475000),
(231,50,10,44,3,2,80,5,1200000),
(232,158,10,107,5,2,110,2,1020000),
(233,158,10,42,1,4,120,2,1500000),
(234,158,10,111,1,4,125,1,2300000),
(235,158,10,109,1,4,125,1,2300000),
(236,30,11,16,4,4,64,200,38400000),
(237,6,11,60,2,2,24,25,2250000),
(238,6,11,131,2,2,99,20,6900000),
(239,8,11,19,4,4,78,10,2300000),
(240,146,11,38,1,4,124,1,1400000),
(241,146,11,43,3,2,61,5,925000),
(242,146,11,129,5,4,116,1,550000),
(243,146,11,109,1,4,127,1,2350000),
(244,146,11,1,5,2,60,2,360000),
(245,146,11,40,1,4,122,1,1050000),
(246,150,11,11,4,4,69,25,5125000),
(247,150,11,43,3,2,61,3,555000),
(248,166,11,37,1,4,122,1,1050000),
(249,80,11,13,4,4,58,15,2625000),
(250,80,11,51,3,2,38,2,236000),
(251,80,11,50,3,2,38,8,944000),
(252,80,11,43,3,2,61,5,925000),
(253,80,11,107,5,2,111,1,520000),
(254,22,11,111,1,3,39,2,240000),
(255,22,11,112,1,2,61,1,185000),
(256,48,11,79,6,2,83,2,500000),
(257,74,11,131,2,2,101,2,710000),
(258,74,11,40,1,4,122,1,1050000),
(259,5,11,60,2,2,28,5,475000),
(260,29,11,16,4,4,64,200,38400000),
(261,32,11,43,3,2,59,100,17800000),
(262,32,11,131,2,2,99,100,34500000),
(263,158,11,16,4,4,63,100,19000000),
(264,158,11,9,4,4,63,100,19000000),
(265,138,11,17,4,4,10,50,3125000),
(266,78,11,16,4,4,65,25,4875000),
(267,78,11,9,4,4,65,25,4875000),
(268,78,11,43,3,2,61,5,925000),
(269,78,11,124,1,1,28,1,95000),
(270,78,11,125,1,1,42,1,135000),
(271,63,11,11,4,4,70,10,2100000),
(272,63,11,16,4,4,69,10,2050000),
(273,63,11,9,4,4,67,10,2000000),
(274,63,11,13,4,4,58,10,1750000),
(275,63,11,43,3,2,61,1,185000),
(276,63,11,64,4,2,86,2,530000),
(277,12,11,3,3,2,11,25,1575000),
(278,12,11,19,4,4,78,10,2300000),
(279,12,11,6,4,4,61,10,1850000),
(280,172,11,124,1,1,28,3,285000),
(281,172,11,38,1,4,124,1,1400000),
(282,135,11,6,4,4,61,10,1850000),
(283,56,12,19,4,4,78,5,1150000),
(284,44,12,3,3,2,8,100,6100000),
(285,44,12,2,3,2,9,50,3100000),
(286,44,12,111,1,4,125,1,2300000),
(287,159,12,42,1,4,120,1,750000),
(288,159,12,128,5,2,48,3,450000),
(289,159,12,129,5,4,100,1,350000),
(290,75,13,14,4,4,76,5,1125000),
(291,75,13,13,4,4,58,5,875000),
(292,75,13,9,4,4,67,5,1000000),
(293,75,13,18,4,4,36,10,1150000),
(294,75,13,7,4,4,13,10,650000),
(295,75,13,73,4,2,54,2,340000),
(296,75,13,131,2,2,101,1,355000),
(297,75,13,132,2,2,100,1,350000),
(298,75,13,113,3,2,48,3,450000),
(299,75,13,99,5,2,67,1,200000),
(300,75,13,97,5,2,67,1,200000),
(301,75,13,103,5,2,67,1,200000),
(302,116,15,16,4,4,67,25,5000000),
(303,116,15,122,5,2,80,5,1200000),
(304,151,15,13,4,4,58,5,875000),
(305,52,12,1,5,2,60,1,180000),
(306,197,12,62,2,2,29,25,2500000),
(307,197,12,6,4,4,61,10,1850000),
(308,197,12,13,4,4,58,10,1750000),
(309,197,12,77,6,2,82,2,490000),
(310,197,12,131,2,2,101,5,1775000),
(311,197,12,1,5,2,60,5,900000),
(312,172,15,123,5,2,58,15,2625000),
(313,104,15,123,5,2,58,34,5950000),
(314,188,12,123,5,2,58,50,8750000),
(315,31,15,124,1,1,42,5,675000),
(316,58,12,11,4,4,70,15,3150000),
(317,30,12,30,4,2,108,20,9000000),
(318,30,12,65,4,2,82,50,12250000),
(319,80,12,107,5,2,111,1,520000),
(320,80,12,118,5,2,39,4,480000),
(321,80,12,119,5,2,39,3,360000),
(322,80,12,120,5,2,39,3,360000),
(323,80,12,105,5,2,92,1,300000),
(324,80,12,106,5,2,92,1,300000),
(325,80,12,131,2,2,101,3,1065000),
(326,146,12,131,2,2,101,5,1775000),
(327,150,12,123,5,2,60,3,540000),
(328,150,12,93,6,2,72,2,436000),
(329,62,13,16,4,4,63,100,19000000),
(330,42,14,42,1,4,120,2,1500000),
(331,107,14,125,1,1,42,3,405000),
(332,107,14,124,1,1,28,2,190000),
(333,30,14,73,4,2,52,50,8250000),
(334,30,14,20,2,1,14,20,1400000),
(335,112,14,16,4,4,64,50,9600000),
(336,112,14,33,6,2,80,2,480000),
(337,112,14,63,4,2,90,13,3705000),
(338,11,15,19,4,4,77,25,5700000),
(339,62,14,5,4,4,57,95,16530000),
(340,158,15,78,1,2,129,3,8700000),
(341,182,15,78,1,2,129,1,2900000),
(342,182,15,129,5,4,116,5,2750000),
(343,203,15,16,4,4,65,50,9750000),
(344,203,15,41,1,4,119,1,700000),
(345,203,15,62,2,2,31,5,525000),
(346,203,15,131,2,2,101,1,355000),
(347,67,15,11,4,4,67,25,5000000),
(348,188,15,107,5,2,110,10,5100000),
(349,91,15,41,1,4,119,1,700000),
(350,138,15,78,1,2,129,1,2900000),
(351,29,15,78,1,2,129,2,5800000),
(352,100,15,80,5,2,106,1,440000),
(353,100,15,20,2,1,14,20,1400000),
(354,107,15,125,1,1,42,3,405000),
(355,107,15,124,1,1,28,2,190000),
(356,30,15,78,1,2,129,3,8700000),
(357,5,15,123,5,2,58,25,4375000),
(358,50,15,78,1,2,129,1,2900000),
(359,50,15,122,5,2,73,5,1100000),
(360,42,15,78,1,2,129,2,5800000),
(361,59,15,18,4,4,34,30,3360000),
(362,59,15,43,3,2,60,2,360000),
(363,159,16,112,1,2,61,1,185000),
(364,159,16,18,4,4,36,10,1150000),
(365,159,16,78,1,2,129,1,2900000),
(366,80,16,122,5,2,80,6,1440000),
(367,80,16,48,6,2,60,3,540000),
(368,80,16,78,1,2,129,1,2900000),
(369,80,16,132,2,2,96,5,1625000),
(370,80,16,131,2,2,101,5,1775000),
(371,38,16,111,1,4,125,1,2300000),
(372,38,16,109,1,3,40,10,1250000),
(373,6,16,88,1,1,105,2,810000),
(374,41,16,3,3,2,13,10,650000),
(375,41,16,2,3,2,13,10,650000),
(376,41,16,99,5,2,67,1,200000),
(377,41,16,96,5,2,40,1,125000),
(378,41,16,98,5,2,40,1,125000),
(379,41,16,102,5,2,40,1,125000),
(380,181,16,132,2,2,94,25,7875000),
(381,181,16,129,5,4,116,5,2750000),
(382,181,16,128,5,2,44,24,3360000),
(383,90,16,18,4,4,36,5,575000),
(384,90,16,17,4,4,13,5,325000),
(385,46,18,11,4,4,70,5,1050000),
(386,46,18,131,2,2,101,1,355000),
(387,46,18,132,2,2,100,1,350000),
(388,146,16,90,1,4,123,1,1200000),
(389,146,16,117,3,2,78,3,690000),
(390,146,16,19,4,4,73,25,5500000),
(391,150,16,46,6,2,24,2,180000),
(392,150,16,42,1,4,120,1,750000),
(393,150,16,99,5,2,67,1,200000),
(394,150,16,101,5,2,67,1,200000),
(395,150,16,103,5,2,67,1,200000),
(396,150,16,118,5,2,39,1,120000),
(397,150,16,120,5,2,39,2,240000),
(398,150,16,119,5,2,39,1,120000),
(399,36,16,6,4,4,58,100,17500000),
(400,60,16,18,4,4,36,5,575000),
(401,60,16,20,2,1,18,1,80000),
(402,152,17,126,3,2,79,5,1175000),
(403,182,17,123,5,2,58,25,4375000),
(404,78,17,18,4,4,33,50,5500000),
(405,78,17,30,4,2,108,2,900000),
(406,78,17,20,2,1,14,10,700000),
(407,78,17,59,2,2,65,5,975000),
(408,78,17,58,2,2,67,5,1000000),
(409,190,17,126,3,2,79,10,2350000),
(410,83,17,19,4,4,78,15,3450000),
(411,83,17,126,3,2,79,5,1175000),
(412,169,17,58,2,2,65,25,4875000),
(413,158,17,59,2,2,65,50,9750000),
(414,158,17,37,1,4,123,1,1200000),
(415,50,17,131,2,2,100,20,7000000),
(416,50,17,40,1,4,122,1,1050000),
(417,2,17,58,2,2,65,30,5850000),
(418,112,17,18,4,4,33,50,5500000),
(419,112,17,17,4,4,9,50,3100000),
(420,112,17,6,4,4,58,30,5250000),
(421,182,18,59,2,2,61,100,18500000),
(422,182,18,58,2,2,65,5,975000),
(423,188,17,19,4,4,73,50,11000000),
(424,67,17,123,5,2,58,25,4375000),
(425,30,17,132,2,2,94,25,7875000),
(426,30,18,126,3,2,79,20,4700000),
(427,30,17,35,3,2,28,10,950000),
(428,138,17,46,6,2,23,10,880000),
(429,138,17,59,2,2,65,2,390000),
(430,138,17,6,4,4,58,25,4375000),
(431,162,17,59,2,2,61,100,18500000),
(432,129,17,17,4,4,11,25,1575000),
(433,150,18,16,4,4,67,25,5000000),
(434,150,18,11,4,4,69,25,5125000),
(435,150,18,3,3,2,8,50,3050000),
(436,80,18,58,2,2,67,5,1000000),
(437,80,18,26,6,2,17,10,750000),
(438,54,18,58,2,2,65,10,1950000),
(439,54,18,26,6,2,17,15,1125000),
(440,181,18,131,2,2,98,50,17150000),
(441,181,18,58,2,2,65,25,4875000),
(442,198,18,112,1,2,61,1,185000),
(443,198,18,132,2,2,94,1,315000),
(444,52,18,77,6,2,82,1,245000),
(445,52,18,79,6,2,83,1,250000),
(446,53,18,1,5,2,60,2,360000),
(447,53,18,111,1,3,39,2,240000),
(448,53,18,29,4,2,67,1,200000),
(449,53,18,6,4,4,61,5,925000),
(450,53,18,18,4,4,13,5,325000),
(451,53,18,17,4,4,36,10,1150000),
(452,6,18,19,4,4,73,100,22000000),
(453,6,18,58,2,2,65,10,1950000),
(454,6,18,83,6,2,41,20,2600000),
(455,6,18,26,6,2,17,150,11250000),
(456,44,18,130,6,2,116,2,1100000),
(457,44,18,83,6,2,48,2,300000),
(458,44,18,26,6,2,17,5,375000),
(459,44,18,131,2,2,101,5,1775000),
(460,44,18,41,1,2,119,1,700000),
(461,44,18,105,5,2,103,1,380000),
(462,33,18,13,4,4,54,30,5100000),
(463,33,18,7,4,4,11,27,1701000),
(464,62,19,16,4,4,63,100,19000000),
(465,29,19,22,6,2,20,25,2125000),
(466,32,19,26,6,2,17,25,1875000),
(467,32,19,25,6,2,20,25,2125000),
(468,32,19,22,6,2,20,25,2125000),
(469,32,19,46,6,2,21,50,4300000),
(470,32,19,44,3,2,76,55,12375000),
(471,138,19,18,4,4,33,50,5500000),
(472,138,19,13,4,4,54,29,4930000),
(473,3,20,19,4,4,77,25,5700000),
(474,3,20,49,5,2,83,5,1250000),
(475,148,27,123,5,2,60,5,900000),
(476,148,27,49,5,2,85,2,520000),
(477,148,27,122,5,2,80,2,480000),
(478,42,19,44,3,2,77,10,2280000),
(479,42,19,9,4,4,66,100,19800000),
(480,42,19,6,4,4,58,100,17500000),
(481,42,19,124,1,1,28,5,475000),
(482,42,19,125,1,1,52,5,825000),
(483,42,19,112,1,2,60,2,360000),
(484,34,19,126,3,2,80,1,240000),
(485,34,19,107,5,2,111,1,520000),
(486,67,19,126,3,2,79,5,1175000),
(487,169,20,123,5,2,58,25,4375000),
(488,169,20,126,3,2,79,4,940000),
(489,123,20,126,3,2,79,10,2350000),
(490,123,20,107,5,2,111,1,520000),
(491,188,22,126,3,2,79,25,5875000),
(492,5,22,126,3,2,79,5,1175000),
(493,5,22,91,5,2,78,2,460000),
(494,78,20,17,4,4,11,30,1890000),
(495,78,20,17,4,4,11,25,1575000),
(496,18,20,83,6,2,48,1,150000),
(497,18,20,34,6,2,83,1,250000),
(498,18,20,99,5,2,67,1,200000),
(499,18,20,101,5,2,67,1,200000),
(500,18,20,103,5,2,67,1,200000),
(501,18,20,104,5,2,67,2,400000),
(502,18,20,64,4,2,86,5,1325000),
(503,18,20,36,3,2,28,1,95000),
(504,18,20,35,3,2,28,1,95000),
(505,18,20,25,6,2,7,2,120000),
(506,59,20,16,4,4,64,30,5760000),
(507,59,20,6,4,4,58,30,5250000),
(508,59,20,17,4,4,11,20,1260000),
(509,118,20,27,4,2,67,1,200000),
(510,118,20,50,3,2,39,1,120000),
(511,128,24,64,4,2,86,1,265000),
(512,128,24,73,4,2,54,1,170000),
(513,128,24,72,4,2,63,1,190000),
(514,128,24,62,2,2,31,2,210000),
(515,128,24,11,4,4,70,1,210000),
(516,128,24,99,5,2,67,1,200000),
(517,128,24,119,5,2,39,1,120000),
(518,128,24,120,5,2,39,1,120000),
(519,128,24,2,3,2,13,1,65000),
(520,166,22,37,1,4,122,1,1050000),
(521,181,22,25,6,2,4,23,1265000),
(522,75,24,33,6,2,80,1,240000),
(523,75,24,105,5,2,103,1,380000),
(524,75,24,107,5,2,111,1,520000),
(525,75,24,62,2,2,31,5,525000),
(526,75,24,88,1,1,105,1,405000),
(527,75,24,91,5,2,78,1,230000),
(528,75,24,83,6,2,48,1,150000),
(529,75,24,16,4,4,69,5,1025000),
(530,75,24,11,4,4,70,5,1050000),
(531,75,24,9,4,4,13,5,325000),
(532,75,24,46,6,2,24,1,90000),
(533,75,24,48,6,2,60,1,180000),
(534,75,24,111,1,3,39,2,240000),
(535,75,24,1,5,2,60,2,360000),
(536,19,21,72,4,2,63,1,190000),
(537,19,21,121,5,2,40,1,125000),
(538,19,21,88,1,1,105,1,405000),
(539,19,21,77,6,2,82,1,245000),
(540,175,21,129,5,4,116,2,1100000),
(541,175,21,123,5,2,58,25,4375000),
(542,175,21,122,5,2,80,10,2400000),
(543,175,21,121,5,2,40,10,1250000),
(544,175,21,49,5,2,85,2,520000),
(545,29,21,106,5,2,103,3,1140000),
(546,29,21,105,5,2,103,2,760000),
(547,75,23,131,2,2,84,1,255000),
(548,75,23,96,5,2,40,1,125000),
(549,75,23,98,5,2,40,1,125000),
(550,75,23,100,5,2,39,1,120000),
(551,75,23,122,5,2,80,1,240000),
(552,75,23,123,5,2,60,1,180000),
(553,75,23,68,4,2,58,2,350000),
(554,75,23,73,4,2,54,2,340000),
(555,75,23,64,4,2,86,5,1325000),
(556,75,23,63,4,2,91,1,290000),
(557,75,23,72,4,2,63,1,190000),
(558,75,23,69,4,2,63,1,190000),
(559,75,23,93,6,2,72,1,218000),
(560,177,23,11,4,4,69,25,5125000),
(561,177,23,117,3,2,78,2,460000),
(562,177,23,130,6,2,116,2,1100000),
(563,42,21,131,2,2,100,10,3500000),
(564,42,21,132,2,2,94,5,1575000),
(565,42,21,77,6,2,80,3,720000),
(566,42,21,79,6,2,83,3,750000),
(567,42,21,34,6,2,83,3,750000),
(568,42,21,112,1,2,60,20,3600000),
(569,30,21,16,4,4,63,100,19000000),
(570,30,21,26,6,2,17,5,375000),
(571,59,24,1,5,2,60,1,180000),
(572,59,24,93,6,2,72,1,218000),
(573,59,24,27,5,2,67,1,200000),
(574,59,24,111,1,3,39,1,120000),
(575,59,24,100,5,2,40,1,125000),
(576,59,24,102,5,2,40,1,125000),
(577,59,24,4,5,2,49,1,155000),
(578,59,24,3,3,2,13,5,325000),
(579,100,21,129,5,4,116,1,550000),
(580,100,21,131,2,2,101,2,710000),
(581,9,22,8,4,4,38,25,2950000),
(582,9,22,123,5,2,58,10,1750000),
(583,30,22,94,6,2,55,30,5160000),
(584,30,22,131,2,2,100,14,4900000),
(585,32,22,16,4,4,62,700,131600000),
(586,164,24,70,4,2,63,2,380000),
(587,164,24,98,5,2,40,2,250000),
(588,164,24,101,5,2,67,2,400000),
(589,164,24,83,6,2,48,1,150000),
(590,127,22,79,6,2,83,5,1250000),
(591,127,22,85,6,2,83,5,1250000),
(592,146,22,123,5,2,60,5,900000),
(593,146,22,122,5,2,80,5,1200000),
(594,146,22,131,2,2,101,5,1775000),
(595,159,22,123,5,2,60,5,900000),
(596,159,22,43,3,2,61,2,370000),
(597,197,22,88,1,1,105,1,405000),
(598,197,22,112,1,2,61,2,370000),
(599,197,22,18,4,4,34,25,2800000),
(600,197,22,10,4,4,13,10,650000),
(601,197,22,9,4,4,67,10,2000000),
(602,197,22,132,2,2,96,5,1625000),
(603,135,22,44,3,2,82,2,490000),
(604,80,22,19,4,4,77,25,5700000),
(605,80,22,94,6,2,58,3,525000),
(606,80,22,33,6,2,80,1,240000),
(607,48,22,132,2,2,96,2,650000),
(608,48,22,130,6,2,116,1,550000),
(609,82,23,123,5,2,58,15,2625000),
(610,157,23,18,4,4,36,10,1150000),
(611,3,24,123,5,2,58,30,5250000),
(612,181,24,11,4,4,63,330,62700000),
(613,52,24,9,4,4,65,25,4875000),
(614,137,24,17,4,4,11,30,1890000),
(615,80,24,59,2,2,65,5,975000),
(616,153,24,19,4,4,78,10,2300000),
(617,38,24,19,4,4,76,50,11250000),
(618,151,24,82,6,2,48,2,300000),
(619,60,24,73,4,2,54,1,170000),
(620,60,24,75,4,2,54,1,170000),
(621,60,24,93,6,2,72,1,218000),
(622,60,24,62,2,2,31,1,105000),
(623,60,24,3,3,2,13,2,130000),
(624,155,27,49,5,2,85,2,520000),
(625,25,25,19,4,4,75,25,5562500),
(626,25,25,8,4,4,38,10,1180000),
(627,182,27,113,3,2,47,25,3700000),
(628,182,27,115,3,2,78,5,1150000),
(629,122,27,125,1,1,42,5,675000),
(630,122,27,124,1,1,28,5,475000),
(631,105,27,125,1,1,42,10,1350000),
(632,30,25,32,6,2,76,20,4500000),
(633,30,25,33,6,2,76,20,4500000),
(634,30,25,21,6,2,45,30,4350000),
(635,30,25,52,3,2,38,20,2360000),
(636,30,25,34,6,2,83,5,1250000),
(637,181,25,113,3,2,46,25,3675000),
(638,181,25,114,3,2,46,25,3675000),
(639,181,25,111,1,4,125,1,2300000),
(640,93,26,16,4,4,65,20,3900000),
(641,93,26,8,4,4,38,30,3540000),
(642,93,26,18,4,4,34,30,3360000),
(643,95,27,124,1,1,28,5,475000),
(644,95,27,125,1,1,42,5,675000),
(645,137,26,14,4,4,73,25,5500000),
(646,177,26,14,4,4,73,25,5500000),
(647,6,26,14,4,4,73,50,11000000),
(648,14,26,14,4,4,71,80,17200000),
(649,181,26,14,4,4,68,700,142800000),
(650,80,26,14,4,4,73,25,5500000),
(651,80,26,107,5,2,111,1,520000),
(652,80,26,35,3,2,28,3,285000),
(653,80,26,4,5,2,49,5,775000),
(654,80,26,59,2,2,65,5,975000),
(655,188,27,107,5,2,110,15,7650000),
(656,112,26,16,4,4,64,50,9600000),
(657,59,26,8,4,4,38,20,2360000),
(658,138,26,16,4,4,64,50,9600000),
(659,82,26,17,4,4,11,30,1890000),
(660,43,26,14,4,4,73,50,11000000),
(661,43,26,19,4,4,76,50,11250000),
(662,43,26,11,4,4,67,50,10000000),
(663,73,26,6,4,4,58,25,4375000),
(664,50,26,129,5,4,116,5,2750000),
(665,50,26,35,3,2,28,5,475000),
(666,50,26,94,6,2,58,5,875000),
(667,50,26,107,5,2,110,1,510000),
(668,50,26,123,5,2,60,5,900000),
(669,50,26,116,3,2,46,5,735000),
(670,62,26,16,4,4,63,100,19000000),
(671,175,27,115,3,2,78,5,1150000),
(672,175,27,56,5,2,85,2,520000),
(673,59,27,13,4,4,54,30,5100000),
(674,112,27,13,4,4,54,30,5100000),
(675,73,27,13,4,4,54,25,4250000),
(676,197,27,35,3,2,28,5,475000),
(677,197,27,59,2,2,67,2,400000),
(678,197,27,56,5,2,85,3,780000),
(679,197,27,10,4,4,13,10,650000),
(680,197,27,130,6,2,116,1,550000),
(681,197,27,115,3,2,76,5,1125000),
(682,197,27,117,3,2,76,5,1125000),
(683,197,27,124,1,1,28,3,285000),
(684,197,27,125,1,1,42,3,405000),
(685,194,27,16,4,4,69,10,2050000),
(686,193,27,112,1,2,61,2,370000),
(687,193,27,72,4,2,63,5,950000),
(688,193,27,6,4,4,60,25,4500000),
(689,150,27,14,4,4,73,25,5500000),
(690,159,27,63,4,2,91,3,870000),
(691,159,27,35,3,2,28,2,190000),
(692,159,27,14,4,4,73,25,5500000),
(693,159,27,118,5,2,39,2,240000),
(694,159,27,119,5,2,39,2,240000),
(695,159,27,120,5,2,39,2,240000),
(696,159,27,59,2,2,67,1,200000),
(697,159,27,109,1,3,40,3,375000),
(698,159,27,11,4,4,70,10,2100000),
(699,6,27,54,1,2,79,10,2350000),
(700,6,27,85,6,2,83,2,500000),
(701,6,27,79,6,2,83,2,500000),
(702,6,27,130,6,2,116,2,1100000),
(703,6,27,27,4,2,65,3,585000),
(704,6,27,56,5,2,85,2,520000),
(705,6,27,57,5,2,85,2,520000),
(706,6,27,107,5,2,70,3,630000),
(707,181,27,33,6,2,76,9,2025000),
(708,181,27,32,6,2,76,16,3600000),
(709,175,28,59,2,2,65,10,1950000),
(710,135,27,14,4,4,76,10,2250000),
(711,93,27,13,4,4,54,25,4250000),
(712,177,27,13,4,4,54,25,4250000),
(713,42,27,72,4,2,61,50,9250000),
(714,42,27,73,4,2,51,100,16200000),
(715,42,27,74,4,2,62,25,4700000),
(716,42,27,56,5,2,85,5,1300000),
(717,42,27,57,5,2,85,2,520000),
(718,42,27,4,5,2,48,20,3000000),
(719,182,28,59,2,2,61,100,18500000),
(720,107,27,6,4,4,58,50,8750000),
(721,50,27,65,4,2,82,81,19845000),
(722,50,27,13,4,4,53,50,8400000),
(723,50,27,16,4,4,64,150,28800000),
(724,50,27,46,6,2,24,5,450000),
(725,50,27,117,3,2,76,5,1125000),
(726,142,27,77,6,2,82,1,245000),
(727,142,27,54,1,2,82,1,245000),
(728,142,27,53,1,2,82,1,245000),
(729,142,27,1,5,2,60,1,180000),
(730,142,27,85,6,2,83,1,250000),
(731,112,27,13,4,4,54,30,5100000),
(732,73,27,13,4,4,54,25,4250000),
(733,48,27,54,1,2,82,10,2450000),
(734,48,27,59,2,2,65,5,975000),
(735,48,27,18,4,4,35,20,2260000),
(736,140,28,3,3,2,11,25,1575000),
(737,140,28,16,4,4,69,5,1025000),
(738,40,27,121,5,2,40,1,125000),
(739,40,27,122,5,2,80,1,240000),
(740,40,27,123,5,2,60,1,180000),
(741,40,27,63,4,2,91,5,1450000),
(742,40,27,35,3,2,28,5,475000),
(743,40,27,82,6,2,48,2,300000),
(744,40,27,79,6,2,83,1,250000),
(745,40,27,56,5,2,85,1,260000),
(746,40,27,109,1,3,40,5,625000),
(747,40,27,124,1,1,28,1,95000),
(748,40,27,125,1,1,42,1,135000),
(749,40,27,44,3,2,82,2,490000),
(750,40,27,85,6,2,83,1,250000),
(751,40,27,129,5,4,116,1,550000),
(752,40,27,1,5,2,60,1,180000),
(753,40,27,88,1,1,105,1,405000),
(754,171,27,14,4,4,73,25,5500000),
(755,171,27,107,5,2,111,1,520000),
(756,171,27,80,1,2,106,1,440000),
(757,171,27,112,1,2,61,1,185000),
(758,171,27,85,6,2,83,1,250000),
(759,171,27,44,3,2,82,1,245000),
(760,138,27,40,1,4,122,2,2100000),
(761,138,27,107,5,2,110,2,1020000),
(762,94,28,19,4,4,76,10,2250000),
(763,160,28,129,5,4,116,1,550000),
(764,160,28,82,6,2,41,2,260000),
(765,160,28,1,5,2,58,2,350000),
(766,160,28,17,4,4,9,10,620000),
(767,160,28,18,4,4,33,10,1100000),
(768,160,28,123,5,2,60,1,180000),
(769,160,28,109,1,3,40,5,625000),
(770,160,28,112,1,2,61,5,925000),
(771,160,28,33,6,2,79,1,235000),
(772,160,28,74,4,2,63,2,380000),
(773,160,28,73,4,2,52,3,495000),
(774,160,28,63,4,2,90,2,570000),
(775,160,28,130,6,2,116,1,550000),
(776,76,28,17,4,4,8,50,3050000),
(777,76,28,6,4,4,58,50,8750000),
(778,127,29,21,6,2,45,10,1450000),
(779,76,28,17,4,4,8,50,3050000),
(780,76,28,6,4,4,58,50,8750000),
(781,60,29,18,4,4,36,5,575000),
(782,60,29,11,4,4,70,5,1050000),
(783,60,29,109,1,3,40,1,125000),
(784,52,29,21,6,2,48,1,150000),
(785,52,29,57,5,2,85,1,260000),
(786,52,29,3,3,2,13,3,195000),
(787,35,29,49,5,2,83,5,1250000),
(788,35,29,88,1,1,105,2,810000),
(789,35,29,122,5,2,82,2,490000),
(790,35,29,123,5,2,58,25,4375000),
(791,35,29,36,3,2,27,3,279000),
(792,43,29,40,1,4,122,1,1050000),
(793,43,29,49,5,2,85,2,520000),
(794,43,29,107,5,2,111,1,520000),
(795,43,29,123,5,2,60,5,900000),
(796,43,29,33,6,2,80,2,480000),
(797,197,29,90,1,4,123,1,1200000),
(798,197,29,9,4,4,67,10,2000000),
(799,80,29,19,4,4,77,25,5700000),
(800,125,29,1,5,2,60,1,180000),
(801,125,29,33,6,2,80,1,240000),
(802,125,29,21,6,2,48,1,150000),
(803,125,29,3,3,2,13,10,650000),
(804,125,29,2,3,2,13,10,650000),
(805,125,29,117,3,2,76,1,225000),
(806,125,29,115,3,2,76,1,225000),
(807,126,29,112,1,2,61,2,370000),
(808,126,29,35,3,2,28,1,95000),
(809,126,29,36,3,2,28,1,95000),
(810,126,29,64,4,2,86,4,1060000),
(811,126,29,77,6,2,82,1,245000),
(812,126,29,121,5,2,40,1,125000),
(813,126,29,122,5,2,80,1,240000),
(814,126,29,117,3,2,76,1,225000),
(815,126,29,3,3,2,11,25,1575000),
(816,126,29,2,3,2,13,25,1625000),
(817,125,29,71,4,2,63,1,190000),
(818,125,29,30,4,2,109,1,460000),
(819,125,29,121,5,2,40,1,125000),
(820,125,29,122,5,2,80,1,240000),
(821,125,29,64,4,2,86,1,265000),
(822,125,29,93,6,2,72,1,218000),
(823,125,29,94,6,2,58,1,175000),
(824,125,29,36,3,2,28,1,95000),
(825,53,29,14,4,4,76,5,1125000),
(826,53,29,13,4,4,58,5,875000),
(827,53,29,19,4,4,78,2,460000),
(828,53,29,98,5,2,40,1,125000),
(829,53,29,1,5,2,60,1,180000),
(830,53,29,123,5,2,60,2,360000),
(831,82,31,33,6,2,78,10,2300000),
(832,125,29,101,5,2,67,1,200000),
(833,125,29,103,5,2,67,1,200000),
(834,125,29,102,5,2,40,1,125000),
(835,125,29,98,5,2,40,1,125000),
(836,125,29,118,5,2,39,2,240000),
(837,125,29,4,5,2,49,2,310000),
(838,125,29,68,4,2,54,1,170000),
(839,125,29,73,4,2,54,1,170000),
(840,125,29,74,4,2,63,1,190000),
(841,126,29,99,5,2,67,1,200000),
(842,126,29,101,5,2,67,1,200000),
(843,126,29,100,5,2,40,1,125000),
(844,126,29,102,5,2,40,1,125000),
(845,126,29,93,6,2,72,1,218000),
(846,126,29,59,2,2,67,1,200000),
(847,126,29,62,2,2,31,3,315000),
(848,126,29,105,5,2,50,1,160000),
(849,126,29,1,5,2,60,1,180000),
(850,126,29,21,6,2,48,1,150000),
(851,126,29,129,5,4,119,1,700000),
(852,126,29,10,4,4,13,5,325000),
(853,196,30,19,4,4,78,10,2300000),
(854,64,33,59,2,2,67,10,2000000),
(855,64,33,132,2,2,95,5,1600000),
(856,64,33,63,4,2,90,15,4275000),
(857,64,33,130,6,2,116,3,1650000),
(858,64,33,121,5,2,40,10,1250000),
(859,64,33,123,5,2,60,10,1800000),
(860,64,33,124,1,1,28,1,95000),
(861,64,33,125,1,1,42,1,135000),
(862,64,33,21,6,2,48,5,750000),
(863,64,33,36,3,2,28,10,950000),
(864,64,33,35,3,2,28,5,475000),
(865,184,33,19,4,4,78,10,2300000),
(866,156,31,19,4,4,78,5,1150000),
(867,184,33,123,5,2,60,10,1800000),
(868,87,31,6,4,4,58,50,8750000),
(869,87,31,18,4,4,33,50,5500000),
(870,188,31,124,1,1,28,5,475000),
(871,188,31,125,1,1,42,5,675000),
(872,189,31,123,5,2,58,10,1750000),
(873,186,31,61,2,2,24,50,4500000),
(874,18,33,19,4,4,77,25,5700000),
(875,97,31,19,4,4,78,5,1150000),
(876,97,31,10,4,4,13,10,650000),
(877,144,31,49,5,2,80,3,720000),
(878,202,31,109,1,3,40,5,625000),
(879,202,31,124,1,1,43,2,276000),
(880,202,31,125,1,1,28,2,190000),
(881,202,31,40,1,4,119,1,700000),
(882,202,31,77,6,2,82,1,245000),
(883,54,31,11,4,4,65,100,19500000),
(884,54,31,19,4,4,75,100,22250000),
(885,37,31,109,1,3,40,1,125000),
(886,37,31,19,4,4,78,10,2300000),
(887,10,31,129,5,4,116,2,1100000),
(888,10,31,40,1,4,119,1,700000),
(889,10,31,37,1,4,122,1,1050000),
(890,158,31,118,5,2,37,16,1872000),
(891,158,31,119,5,2,37,16,1872000),
(892,158,31,120,5,2,37,18,2106000),
(893,158,31,56,5,2,85,7,1820000),
(894,158,31,57,5,2,85,3,780000),
(895,158,31,41,1,4,118,2,1370000),
(896,158,31,49,5,2,84,2,510000),
(897,158,31,61,2,2,24,50,4500000),
(898,158,31,48,6,2,58,5,875000),
(899,158,31,47,6,2,58,5,875000),
(900,158,31,54,1,2,79,10,2350000),
(901,158,31,129,5,4,116,5,2750000),
(902,83,31,123,5,2,58,10,1750000),
(903,100,33,61,2,2,26,10,920000),
(904,100,33,40,1,4,122,1,1050000),
(905,100,33,132,2,2,96,2,650000),
(906,188,32,49,5,2,83,25,6250000),
(907,181,32,107,5,2,110,5,2550000),
(908,181,32,85,6,2,83,3,750000),
(909,8,33,88,1,1,105,1,405000),
(910,30,32,13,4,4,52,200,33000000),
(911,30,32,18,4,4,32,100,10800000),
(912,30,32,10,4,4,6,300,17400000),
(913,94,33,61,2,2,24,20,1800000),
(914,29,33,17,4,4,9,100,6200000),
(915,29,33,77,6,2,82,2,490000),
(916,160,33,45,6,2,48,1,150000),
(917,160,33,26,6,2,17,1,75000),
(918,160,33,25,6,2,7,2,120000),
(919,160,33,24,6,2,44,2,280000),
(920,160,33,22,6,2,20,2,170000),
(921,87,33,24,6,2,44,3,420000),
(922,3,33,25,6,2,4,25,1375000),
(923,146,33,11,4,4,69,25,5125000),
(924,146,33,82,6,2,44,5,700000),
(925,162,33,123,5,2,58,23,4025000),
(926,201,33,19,4,4,77,25,5700000),
(927,201,33,124,1,1,28,3,285000),
(928,201,33,125,1,1,42,3,405000),
(929,201,33,87,1,2,117,1,650000),
(930,38,33,58,2,2,65,10,1950000),
(931,158,33,42,1,4,120,3,2250000),
(932,188,33,10,4,4,5,300,17100000),
(933,203,31,17,4,4,13,10,650000),
(934,203,31,8,4,4,39,10,1200000),
(935,203,31,64,4,2,86,10,2650000),
(936,203,31,16,4,4,67,30,6000000),
(937,203,31,62,2,2,31,10,1050000),
(938,203,31,59,2,2,67,3,600000),
(939,135,33,63,4,2,91,6,1740000),
(940,150,33,27,4,2,67,3,600000),
(941,150,33,122,5,2,80,4,960000),
(942,6,33,58,2,2,65,10,1950000),
(943,6,33,56,5,2,85,1,260000),
(944,181,33,133,3,2,87,49,13230000),
(945,181,33,129,5,4,116,5,2750000),
(946,181,33,77,6,2,79,5,1175000),
(947,82,33,49,5,2,83,25,6250000),
(948,2,33,115,3,2,76,10,2250000),
(949,181,33,18,4,4,30,700,73150000),
(950,54,33,59,2,2,63,50,9500000),
(951,54,33,58,2,2,65,50,9750000),
(952,54,33,24,6,2,44,10,1400000),
(953,54,33,107,5,2,110,10,5100000),
(954,200,34,111,1,3,39,3,360000),
(955,200,34,99,5,2,67,1,200000),
(956,200,34,101,5,2,67,1,200000),
(957,200,34,103,5,2,67,1,200000),
(958,200,34,104,5,2,67,2,400000),
(959,67,34,24,6,2,44,5,700000),
(960,67,34,61,2,2,28,10,950000),
(961,67,34,21,6,2,48,10,1500000),
(962,67,34,85,6,2,83,1,250000),
(963,67,34,22,6,2,20,20,1700000),
(964,151,34,25,6,2,4,30,1650000),
(965,167,34,68,4,2,54,1,170000),
(966,186,36,61,2,2,23,50,4400000),
(967,80,33,24,6,2,43,15,2070000),
(968,80,33,21,6,2,45,5,725000),
(969,80,33,33,6,2,80,2,480000),
(970,80,33,58,2,2,67,5,1000000),
(971,80,33,94,6,2,58,3,525000),
(972,80,33,77,6,2,82,2,490000),
(973,159,33,18,4,4,34,20,2240000),
(974,159,33,8,4,4,39,20,2400000),
(975,159,33,107,1,2,111,1,520000),
(976,159,33,13,4,4,58,10,1750000),
(977,159,33,21,6,2,48,1,150000),
(978,188,33,45,6,2,45,69,10005000),
(979,188,33,22,6,2,20,28,2380000),
(980,188,33,25,6,2,3,43,2236000),
(981,10,33,19,4,4,77,25,5700000),
(982,10,33,16,4,4,67,25,5000000),
(983,128,34,19,4,4,78,1,230000),
(984,128,34,14,4,4,76,1,225000),
(985,128,34,68,4,2,54,1,225000),
(986,128,34,73,4,2,54,1,170000),
(987,128,34,64,4,2,86,1,170000),
(988,128,34,111,1,3,39,1,265000),
(989,128,34,1,5,2,60,1,120000),
(990,128,34,26,6,2,17,1,180000),
(991,103,34,26,6,2,17,50,3750000),
(992,103,34,24,6,2,44,30,4200000),
(993,151,35,77,6,2,82,3,735000),
(994,82,34,61,2,2,24,30,2700000),
(995,82,34,21,6,2,48,5,750000),
(996,2,34,59,2,2,65,30,5850000),
(997,83,35,13,4,4,54,10,1700000),
(998,68,34,99,5,2,65,5,975000),
(999,68,34,101,5,2,65,5,975000),
(1000,68,34,103,5,2,65,5,975000),
(1001,68,34,104,5,2,65,1,195000),
(1002,68,34,47,6,2,60,5,900000),
(1003,68,34,1,5,2,58,25,4375000),
(1004,68,34,57,2,2,85,3,780000),
(1005,68,34,64,4,2,85,25,6500000),
(1006,68,34,107,5,2,110,4,2040000),
(1007,68,34,59,2,2,67,5,1000000),
(1008,68,34,86,6,2,60,2,360000),
(1009,68,34,24,6,2,44,5,700000),
(1010,129,34,49,5,2,85,2,520000),
(1011,112,34,9,4,4,63,50,9500000),
(1012,112,34,18,4,4,33,50,5500000),
(1013,112,34,8,4,4,39,10,1200000),
(1014,112,34,68,4,2,52,10,1650000),
(1015,30,34,26,6,2,17,25,1875000),
(1016,30,34,30,4,2,108,20,9000000),
(1017,68,35,24,6,2,44,10,1400000),
(1018,38,35,11,4,4,65,100,19500000),
(1019,135,35,14,4,4,76,10,2250000),
(1020,135,35,24,6,2,44,2,280000),
(1021,52,35,36,3,2,28,1,95000),
(1022,52,35,35,3,2,28,2,190000),
(1023,52,35,82,6,2,48,1,150000),
(1024,52,35,61,2,2,28,1,95000),
(1025,190,35,25,6,2,4,25,1375000),
(1026,190,35,26,6,2,17,25,1875000),
(1027,10,35,59,2,2,65,3,585000),
(1028,10,35,58,2,2,67,5,1000000),
(1029,10,35,61,2,2,26,5,460000),
(1030,10,35,60,2,2,24,5,450000),
(1031,181,35,125,1,1,42,10,1350000),
(1032,110,35,51,3,2,39,1,120000),
(1033,110,35,72,4,2,63,1,190000),
(1034,110,35,68,4,2,54,1,170000),
(1035,110,35,73,4,2,54,1,170000),
(1036,36,35,58,2,2,65,20,3900000),
(1037,6,35,132,2,2,94,3,945000),
(1038,6,35,11,4,4,65,100,19500000),
(1039,6,35,49,5,2,83,5,1250000),
(1040,6,35,130,6,2,116,2,1100000),
(1041,1,37,3,3,2,2,25,1100000),
(1042,1,37,94,6,2,58,4,700000),
(1043,1,37,43,3,2,61,1,185000),
(1044,1,37,27,4,2,67,1,200000),
(1045,1,37,21,6,2,48,2,300000),
(1046,1,37,24,6,2,44,9,1260000),
(1047,30,36,93,6,2,67,50,10000000),
(1048,30,36,107,5,2,110,5,2550000),
(1049,189,37,24,6,2,44,4,560000),
(1050,79,37,14,4,4,76,5,1125000),
(1051,79,37,13,4,4,58,3,525000),
(1052,79,37,18,4,4,36,5,575000),
(1053,79,37,10,4,4,13,5,325000),
(1054,79,37,8,4,4,39,5,600000),
(1055,96,37,61,2,2,28,10,950000),
(1056,96,37,60,2,2,28,10,950000),
(1057,9,36,129,5,4,116,2,1100000),
(1058,9,36,41,1,4,119,1,700000),
(1059,3,36,26,6,2,14,48,3360000),
(1060,161,37,99,5,2,67,1,200000),
(1061,161,37,97,5,2,40,1,125000),
(1062,161,37,119,5,2,39,1,120000),
(1063,161,37,4,5,2,49,1,155000),
(1064,164,37,14,4,4,76,5,1125000),
(1065,164,37,64,4,2,86,2,530000),
(1066,164,37,17,4,4,13,5,325000),
(1067,164,37,109,1,3,40,1,125000),
(1068,47,39,98,5,2,40,1,125000),
(1069,47,39,100,5,2,40,1,125000),
(1070,47,39,102,5,2,40,1,125000),
(1071,47,39,99,5,2,67,2,400000),
(1072,47,39,101,5,2,67,1,200000),
(1073,47,39,103,5,2,67,2,400000),
(1074,47,39,118,5,2,39,2,240000),
(1075,47,39,119,5,2,39,2,240000),
(1076,47,39,120,5,2,39,2,240000),
(1077,47,39,31,4,2,109,2,920000),
(1078,47,39,93,6,2,72,2,436000),
(1079,59,37,16,4,4,65,30,5850000),
(1080,181,37,61,2,2,24,50,4500000),
(1081,181,37,60,2,2,23,15,1320000),
(1082,132,37,1,5,2,58,50,8750000),
(1083,183,37,24,6,2,44,5,700000),
(1084,24,38,109,1,3,40,5,625000),
(1085,24,38,93,6,2,72,1,218000),
(1086,24,38,94,6,2,58,1,175000),
(1087,137,38,11,4,4,70,10,2100000),
(1088,137,38,19,4,4,77,25,5700000),
(1089,45,39,16,4,4,65,50,9750000),
(1090,145,59,11,4,4,69,30,6150000),
(1091,145,59,19,4,4,77,30,6840000),
(1092,145,59,8,4,4,38,30,3540000),
(1093,145,59,109,1,3,40,5,625000),
(1094,145,59,112,1,2,61,1,185000),
(1095,145,59,35,3,2,28,1,95000),
(1096,145,59,36,3,2,28,1,95000),
(1097,145,59,43,3,2,61,5,925000),
(1098,70,38,19,4,4,78,10,2300000),
(1099,197,38,33,6,2,80,1,240000),
(1100,197,38,21,6,2,48,2,300000),
(1101,197,38,61,2,2,28,5,475000),
(1102,197,38,18,4,4,36,10,1150000),
(1103,197,38,8,4,4,39,10,1200000),
(1104,119,38,14,4,4,73,21,4620000),
(1105,119,38,59,2,2,65,5,975000),
(1106,119,38,21,6,2,45,6,870000),
(1107,169,39,85,6,2,83,5,1250000),
(1108,67,39,11,4,4,67,25,5000000),
(1109,180,38,59,2,2,61,90,16650000),
(1110,145,38,33,6,2,80,2,480000),
(1111,145,38,3,3,2,8,50,3050000),
(1112,145,38,2,3,2,9,25,1550000),
(1113,145,38,132,2,2,95,2,640000),
(1114,145,38,130,6,2,116,1,550000),
(1115,145,38,50,3,2,39,2,240000),
(1116,145,38,51,3,2,39,2,240000),
(1117,145,38,27,4,2,67,1,200000),
(1118,145,38,40,1,4,122,1,1050000),
(1119,145,38,41,1,4,119,1,700000),
(1120,145,38,37,1,4,122,1,1050000),
(1121,145,38,107,5,2,111,1,520000),
(1122,20,39,16,4,4,69,15,3075000),
(1123,20,39,19,4,4,78,10,2300000),
(1124,199,39,94,6,2,58,5,875000),
(1125,199,39,49,5,2,83,2,500000),
(1126,199,39,81,5,2,116,2,1100000),
(1127,199,39,80,5,2,107,1,445000),
(1128,199,39,125,1,1,42,1,135000),
(1129,199,39,72,4,2,63,5,950000),
(1130,199,39,115,3,2,76,5,1125000),
(1131,199,39,117,3,2,76,5,1125000),
(1132,199,39,8,4,4,39,30,3600000),
(1133,199,39,10,4,4,11,30,1890000),
(1134,48,38,115,3,2,76,4,900000),
(1135,48,38,117,3,2,76,1,225000),
(1136,48,38,129,5,4,116,2,1100000),
(1137,43,38,3,3,2,8,74,4514000),
(1138,43,38,2,3,2,9,25,1550000),
(1139,43,38,13,4,4,54,22,3740000),
(1140,43,38,115,3,2,76,2,450000),
(1141,43,38,78,1,2,128,2,5000000),
(1142,9,38,15,4,4,33,50,5500000),
(1143,92,38,93,6,2,70,2,420000),
(1144,92,38,14,4,4,76,10,2250000),
(1145,92,38,59,2,2,67,2,400000),
(1146,92,38,16,4,4,64,30,5760000),
(1147,92,38,4,5,2,49,3,465000),
(1148,92,38,43,3,2,61,2,370000),
(1149,159,38,59,2,2,67,1,200000),
(1150,159,38,43,3,2,61,3,555000),
(1151,159,38,37,1,4,122,1,1050000),
(1152,13,39,82,6,2,48,1,150000),
(1153,80,38,51,3,2,39,10,1200000),
(1154,80,38,19,4,4,77,25,5700000),
(1155,80,38,80,5,2,106,1,440000),
(1156,80,38,81,5,2,116,1,550000),
(1157,60,39,11,4,4,70,10,2100000),
(1158,52,39,41,1,4,119,1,700000),
(1159,44,39,130,6,2,116,2,1100000),
(1160,44,39,33,6,2,80,2,480000),
(1161,44,39,80,5,2,106,1,440000),
(1162,44,39,81,5,2,116,1,550000),
(1163,44,39,85,6,2,83,1,250000),
(1164,44,39,94,6,2,58,4,700000),
(1165,44,39,57,5,2,85,2,520000),
(1166,44,39,27,4,2,67,4,800000),
(1167,44,39,117,3,2,76,2,450000),
(1168,21,38,1,5,2,60,1,180000),
(1169,21,38,125,1,1,42,1,135000),
(1170,21,38,124,1,1,28,1,95000),
(1171,146,38,129,5,4,116,1,550000),
(1172,146,38,41,1,4,119,1,700000),
(1173,135,38,18,2,4,36,10,1150000),
(1174,188,39,59,2,2,61,63,11655000),
(1175,188,39,124,1,1,28,5,475000),
(1176,188,39,125,1,1,42,15,2025000),
(1177,188,39,109,1,4,126,2,4660000),
(1178,133,39,1,5,2,52,100,16500000),
(1179,94,39,4,5,2,48,20,3000000),
(1180,187,39,19,4,4,78,15,3450000),
(1181,187,39,115,3,2,76,1,225000),
(1182,187,39,59,2,2,67,1,200000),
(1183,187,39,61,2,2,28,1,95000),
(1184,187,39,60,2,2,28,1,95000),
(1185,187,39,112,1,2,61,1,185000),
(1186,181,39,132,2,2,93,5,1550000),
(1187,32,41,60,2,2,23,20,1760000),
(1188,32,41,61,2,2,24,10,900000),
(1189,136,41,107,5,2,110,10,5100000),
(1190,67,41,19,4,4,77,25,5700000),
(1191,112,40,6,4,4,58,50,8750000),
(1192,112,40,16,4,4,64,100,19200000),
(1193,51,40,19,4,4,78,10,2300000),
(1194,51,40,10,4,4,13,15,975000),
(1195,51,40,54,1,2,82,1,245000),
(1196,51,40,107,5,2,111,1,520000),
(1197,51,40,64,4,2,86,5,1325000),
(1198,59,41,11,4,4,70,3,630000),
(1199,59,41,2,3,2,13,5,325000),
(1200,59,41,3,3,2,13,5,325000),
(1201,59,41,98,5,2,40,1,125000),
(1202,59,41,100,5,2,40,1,125000),
(1203,59,41,102,5,2,40,1,125000),
(1204,59,41,121,5,2,40,1,125000),
(1205,59,41,111,1,3,39,2,240000),
(1206,59,41,109,1,3,40,2,250000),
(1207,59,41,132,2,2,95,1,320000),
(1208,41,41,10,4,4,13,10,650000),
(1209,41,41,115,3,2,76,1,225000),
(1210,41,41,2,3,2,13,3,195000),
(1211,7,41,107,5,2,111,1,520000),
(1212,7,41,4,5,2,49,1,155000),
(1213,7,41,112,1,2,61,1,185000),
(1214,188,42,126,3,2,80,50,12000000),
(1215,99,41,19,4,4,77,30,6840000),
(1216,182,41,60,2,2,22,27,2349000),
(1217,120,41,19,4,4,78,15,3450000),
(1218,120,41,91,5,2,78,1,230000),
(1219,120,41,111,1,3,39,3,360000),
(1220,120,41,109,1,3,40,2,250000),
(1221,120,41,121,5,2,40,1,125000),
(1222,120,41,60,2,2,28,1,95000),
(1223,120,41,61,2,2,28,1,95000),
(1224,108,41,129,5,4,116,3,1650000),
(1225,123,42,82,6,2,48,2,300000),
(1226,123,42,33,6,2,79,2,470000),
(1227,71,42,19,4,4,78,7,1610000),
(1228,84,42,2,3,2,13,10,650000),
(1229,84,42,3,3,2,12,10,640000),
(1230,84,42,109,1,3,40,2,250000),
(1231,84,42,77,6,2,82,1,245000),
(1232,84,42,32,6,2,80,1,240000),
(1233,84,42,33,6,2,80,1,240000),
(1234,84,42,10,4,4,13,5,325000),
(1235,84,42,8,4,4,39,5,600000),
(1236,84,42,11,4,4,70,3,630000),
(1237,84,42,112,1,2,61,1,185000),
(1238,84,42,85,6,2,83,1,250000),
(1239,84,42,79,6,2,84,1,255000),
(1240,84,42,64,4,2,86,5,1325000),
(1241,84,42,31,4,2,109,1,460000),
(1242,84,42,73,4,2,54,1,170000),
(1243,84,42,68,4,2,54,1,170000),
(1244,84,42,74,4,2,63,1,190000),
(1245,84,42,72,4,2,63,1,190000),
(1246,84,42,99,5,2,67,1,200000),
(1247,84,42,101,5,2,67,1,200000),
(1248,84,42,100,5,2,40,2,250000),
(1249,84,42,98,5,2,40,2,250000),
(1250,84,42,121,5,2,40,1,125000),
(1251,84,42,61,2,2,28,1,95000),
(1252,84,42,48,6,2,60,2,360000),
(1253,84,42,115,3,2,76,1,225000),
(1254,114,42,107,5,2,111,1,520000),
(1255,142,42,82,6,2,48,1,150000),
(1256,142,42,112,1,2,61,1,185000),
(1257,142,42,48,6,2,60,1,180000),
(1258,142,42,47,6,2,60,1,180000),
(1259,142,42,33,6,2,80,1,240000),
(1260,38,42,19,4,4,76,50,11250000),
(1261,141,44,6,4,4,61,10,1850000),
(1262,141,44,8,4,4,39,10,1200000),
(1263,141,44,10,4,4,13,10,650000),
(1264,141,44,16,4,4,69,10,2050000),
(1265,181,42,19,4,4,73,300,66000000),
(1266,23,42,125,1,1,42,1,135000),
(1267,23,42,124,1,1,28,2,190000),
(1268,23,42,47,6,2,60,1,180000),
(1269,146,42,130,6,2,116,3,1650000),
(1270,146,42,81,5,2,116,2,1100000),
(1271,146,42,80,5,2,106,2,880000),
(1272,146,42,107,5,2,111,2,1040000),
(1273,146,42,53,1,2,80,3,720000),
(1274,174,42,72,4,2,61,20,3700000),
(1275,174,42,73,4,2,54,20,3400000),
(1276,174,42,108,1,3,40,10,1250000),
(1277,174,42,117,3,2,76,2,450000),
(1278,174,42,61,2,2,26,10,920000),
(1279,174,42,105,5,2,102,1,360000),
(1280,174,42,106,5,2,102,1,360000),
(1281,174,42,81,5,2,116,1,550000),
(1282,174,42,80,5,2,106,1,440000),
(1283,174,42,130,6,2,116,1,550000),
(1284,49,42,19,4,4,76,50,11250000),
(1285,188,44,19,4,4,73,100,22000000),
(1286,6,42,129,5,4,116,5,2750000),
(1287,6,42,132,2,2,94,3,945000),
(1288,179,42,19,4,4,76,50,11250000),
(1289,46,42,3,3,2,13,5,325000),
(1290,46,42,2,3,2,13,3,195000),
(1291,46,42,64,4,2,86,1,265000),
(1292,46,42,103,5,2,67,1,200000),
(1293,46,42,98,5,2,39,1,120000),
(1294,46,42,54,1,2,82,1,245000),
(1295,46,42,115,3,2,76,1,225000),
(1296,46,42,4,5,2,49,1,155000),
(1297,46,42,109,1,3,40,1,125000),
(1298,46,42,111,1,3,39,1,120000),
(1299,61,42,4,5,2,49,1,155000),
(1300,117,45,72,4,2,63,1,190000),
(1301,117,45,2,3,2,13,5,325000),
(1302,117,45,3,3,2,13,5,325000),
(1303,117,45,98,5,2,39,1,120000),
(1304,181,42,132,2,2,93,25,7750000),
(1305,181,42,53,1,2,79,25,5875000),
(1306,181,42,117,3,2,67,20,4000000),
(1307,135,42,6,4,2,61,10,1850000),
(1308,80,42,121,5,2,40,5,625000),
(1309,80,42,122,5,2,80,5,1200000),
(1310,80,42,130,6,2,116,1,550000),
(1311,80,42,80,5,2,106,1,440000),
(1312,6,44,123,5,2,58,50,8750000),
(1313,6,44,132,2,2,99,25,8625000),
(1314,151,45,82,6,2,48,5,750000),
(1315,94,45,33,6,2,76,20,4500000),
(1316,94,45,32,6,2,76,30,6750000),
(1317,94,45,123,5,2,58,50,8750000),
(1318,181,44,131,2,2,97,50,17100000),
(1319,181,44,123,5,2,58,100,17500000),
(1320,181,44,113,3,2,45,50,7250000),
(1321,181,44,133,3,2,87,10,2700000),
(1322,181,44,77,6,2,79,10,2350000),
(1323,201,45,32,6,2,80,3,720000),
(1324,201,45,33,6,2,80,2,480000),
(1325,64,45,16,4,4,65,25,4875000),
(1326,64,45,77,6,2,82,2,490000),
(1327,64,45,131,2,2,101,5,1775000),
(1328,64,45,132,2,2,95,5,1600000),
(1329,64,45,61,2,2,28,3,285000),
(1330,64,45,115,3,2,76,5,1125000),
(1331,64,45,117,3,2,76,5,1125000),
(1332,64,45,129,5,2,116,1,550000),
(1333,168,45,61,2,2,24,50,4500000),
(1334,44,44,32,6,2,80,2,480000),
(1335,44,44,33,6,2,80,2,480000),
(1336,3,45,123,5,2,58,30,5250000),
(1337,192,44,111,1,4,125,1,2300000),
(1338,192,44,105,5,2,102,1,360000),
(1339,192,44,41,1,4,119,1,700000),
(1340,192,44,72,4,2,63,1,190000),
(1341,192,44,61,2,2,28,10,950000),
(1342,192,44,51,3,2,38,2,236000),
(1343,192,44,50,3,2,38,3,354000),
(1344,179,44,123,5,2,58,50,8750000),
(1345,188,44,16,4,4,65,100,19500000),
(1346,89,45,10,4,4,13,5,325000),
(1347,89,45,72,4,2,63,1,190000),
(1348,150,44,32,6,2,80,1,240000),
(1349,150,44,33,6,2,80,1,240000),
(1350,150,44,51,3,2,39,2,240000),
(1351,150,44,82,6,2,48,1,150000),
(1352,150,44,61,2,2,28,5,475000),
(1353,3,44,131,2,2,97,50,17100000),
(1354,152,45,107,5,2,111,1,520000),
(1355,188,44,131,2,2,97,100,34200000),
(1356,82,44,32,6,2,79,20,4700000),
(1357,52,44,10,4,4,11,25,1575000),
(1358,52,44,16,4,4,65,25,4875000),
(1359,127,44,131,2,2,99,20,6900000),
(1360,80,44,33,6,2,80,5,1200000),
(1361,54,44,133,3,2,87,40,10800000),
(1362,61,45,16,4,4,69,5,1025000),
(1363,46,45,16,4,4,69,5,1025000),
(1364,89,45,16,4,4,69,5,1025000),
(1365,130,46,109,1,4,127,1,2350000),
(1366,130,46,111,1,4,125,1,2300000),
(1367,130,46,1,5,2,60,3,540000),
(1368,130,46,107,5,2,111,1,520000),
(1369,130,46,47,6,2,29,1,100000),
(1370,130,46,32,6,2,80,1,240000),
(1371,130,46,33,6,2,80,1,240000),
(1372,128,47,73,4,2,54,1,170000),
(1373,128,47,75,4,2,54,1,170000),
(1374,128,47,72,4,2,63,1,190000),
(1375,128,47,74,4,2,63,1,190000),
(1376,203,47,16,4,4,65,50,9750000),
(1377,203,47,61,2,2,28,2,190000),
(1378,203,47,72,4,2,63,2,380000),
(1379,203,47,74,4,2,63,2,380000),
(1380,203,47,77,6,2,82,1,245000),
(1381,203,47,89,1,4,123,1,1200000),
(1382,181,46,33,6,2,76,5,1125000),
(1383,181,46,32,6,2,76,23,5175000),
(1384,146,47,49,5,2,85,2,520000),
(1385,141,47,111,1,3,39,3,360000),
(1386,141,47,48,6,2,60,1,180000),
(1387,141,47,64,4,2,86,1,265000),
(1388,141,47,1,5,2,60,1,180000),
(1389,141,47,107,5,2,111,1,520000),
(1390,141,47,57,5,2,85,1,260000),
(1391,141,47,77,6,2,82,1,245000),
(1392,141,47,2,3,2,13,5,325000),
(1393,141,47,40,1,4,122,1,1050000),
(1394,150,47,99,5,2,67,1,200000),
(1395,150,47,101,5,2,67,1,200000),
(1396,150,47,103,5,2,67,1,200000),
(1397,150,47,102,5,2,40,1,125000),
(1398,150,47,98,5,2,39,1,120000),
(1399,150,47,119,5,2,39,2,240000),
(1400,150,47,118,5,2,39,2,240000),
(1401,150,47,31,4,2,109,2,920000),
(1402,150,47,3,3,2,11,16,1008000),
(1403,150,47,2,3,2,13,11,715000),
(1404,150,47,16,4,4,67,25,5000000),
(1405,195,47,16,4,4,69,10,2050000),
(1406,21,47,47,6,2,60,1,180000),
(1407,21,47,53,1,2,80,1,240000),
(1408,21,47,51,3,2,39,1,120000),
(1409,21,47,123,5,2,60,1,180000),
(1410,197,47,27,4,2,67,2,400000),
(1411,197,47,40,1,4,122,1,1050000),
(1412,197,47,41,1,4,119,1,700000),
(1413,101,47,10,4,4,13,15,975000),
(1414,101,47,18,4,4,36,15,1725000),
(1415,159,47,130,6,2,116,1,550000),
(1416,159,47,124,1,1,28,1,95000),
(1417,159,47,77,6,2,82,1,245000),
(1418,60,47,18,4,4,36,5,575000),
(1419,137,47,10,4,4,11,30,1890000),
(1420,166,47,41,1,4,119,1,700000),
(1421,181,47,111,1,4,125,1,2300000),
(1422,181,47,109,1,4,127,1,2350000),
(1423,37,47,99,5,2,67,1,200000),
(1424,37,47,100,5,2,40,1,125000),
(1425,37,47,123,5,2,60,1,180000),
(1426,37,47,122,5,2,80,1,240000),
(1427,37,47,18,4,4,36,5,575000),
(1428,6,47,77,6,2,80,3,720000),
(1429,6,47,127,3,2,82,24,5880000),
(1430,6,47,82,6,2,41,7,910000),
(1431,85,47,4,5,2,49,1,155000),
(1432,85,47,48,6,2,60,1,180000),
(1433,85,47,77,6,2,82,2,490000),
(1434,85,47,109,1,3,40,2,250000),
(1435,85,47,110,1,3,41,2,260000),
(1436,200,49,74,4,2,63,2,380000),
(1437,200,49,110,1,3,104,3,1170000),
(1438,200,49,77,6,2,82,1,245000),
(1439,170,47,10,4,4,13,5,325000),
(1440,170,47,18,4,4,36,5,575000),
(1441,170,47,16,4,4,69,5,1025000),
(1442,197,48,6,4,4,61,10,1850000),
(1443,6,48,111,1,4,125,1,2300000),
(1444,66,48,6,4,4,60,25,4500000),
(1445,101,48,6,4,4,61,5,925000),
(1446,101,48,51,3,2,39,2,240000),
(1447,101,48,72,4,2,63,2,380000),
(1448,101,48,98,5,2,40,1,125000),
(1449,101,48,100,5,2,40,1,125000),
(1450,101,48,102,5,2,40,1,125000),
(1451,101,48,68,4,2,54,2,340000),
(1452,101,48,73,4,2,54,2,340000),
(1453,101,48,64,4,2,86,5,1325000),
(1454,101,48,111,5,3,39,5,600000),
(1455,101,48,110,5,3,41,5,650000),
(1456,101,48,74,4,2,63,2,380000),
(1457,159,48,19,4,4,77,25,5700000),
(1458,28,48,16,4,4,67,25,5000000),
(1459,28,48,19,4,4,77,25,5700000),
(1460,54,48,19,4,4,73,100,22000000),
(1461,142,48,16,4,4,69,9,1845000),
(1462,142,48,6,4,4,61,10,1850000),
(1463,142,48,19,4,4,73,7,1540000),
(1464,142,48,80,5,2,106,1,440000),
(1465,142,48,81,5,2,116,1,550000),
(1466,142,48,105,5,2,102,1,360000),
(1467,142,48,21,6,2,48,1,150000),
(1468,51,48,77,6,2,82,1,245000),
(1469,51,48,1,5,2,60,1,180000),
(1470,44,48,40,1,4,122,1,1050000),
(1471,44,48,21,6,2,48,2,300000),
(1472,44,48,42,1,4,120,1,750000),
(1473,44,48,18,4,4,35,25,2825000),
(1474,44,48,6,4,4,60,25,4500000),
(1475,44,48,19,4,4,77,25,5700000),
(1476,33,48,21,6,2,48,5,750000),
(1477,33,48,18,4,4,33,200,22000000),
(1478,33,48,10,4,4,11,30,1890000),
(1479,33,48,19,4,4,77,30,6840000),
(1480,52,48,6,4,4,60,25,4500000),
(1481,85,49,19,4,4,78,10,2300000),
(1482,80,48,109,1,3,40,4,500000),
(1483,80,48,110,1,3,41,2,260000),
(1484,80,48,19,4,4,77,25,5700000),
(1485,186,48,61,2,2,24,69,6210000),
(1486,77,49,19,4,4,78,10,2300000),
(1487,3,49,19,4,4,77,25,5700000),
(1488,71,48,19,4,4,78,10,2300000),
(1489,11,48,19,4,4,77,25,5700000),
(1490,181,48,17,4,4,5,500,28500000),
(1491,67,49,19,4,4,77,25,5700000),
(1492,40,49,16,4,4,67,25,5000000),
(1493,40,49,6,4,4,58,50,8750000),
(1494,40,49,18,4,4,34,25,2800000),
(1495,40,49,10,4,4,11,25,1575000),
(1496,40,49,8,4,4,38,25,2950000),
(1497,40,49,11,4,4,69,25,5125000),
(1498,40,49,14,4,4,73,25,5500000),
(1499,81,49,6,4,4,60,25,4500000),
(1500,81,49,78,1,2,129,1,2900000),
(1501,75,49,19,4,4,78,5,1150000),
(1502,75,49,16,4,4,69,5,1025000),
(1503,75,49,18,4,4,36,5,575000),
(1504,75,49,10,4,4,13,10,650000),
(1505,75,49,64,4,2,86,5,1325000),
(1506,75,49,74,4,2,63,2,380000),
(1507,75,49,41,1,4,119,1,700000),
(1508,75,49,111,1,3,39,1,120000),
(1509,75,49,109,1,3,40,1,125000),
(1510,75,49,110,1,3,41,1,130000),
(1511,72,49,16,4,4,65,13,2535000),
(1512,189,49,123,5,2,58,32,5600000),
(1513,190,32,49,5,2,83,3,750000),
(1514,3,50,107,5,2,110,15,7650000),
(1515,188,50,107,5,2,110,15,7650000),
(1516,163,50,59,2,2,61,100,18500000),
(1517,181,50,26,6,2,17,50,3750000),
(1518,106,50,19,4,4,78,15,3450000),
(1519,17,50,19,4,4,78,3,690000),
(1520,119,51,6,4,4,71,30,6450000),
(1521,119,51,19,4,4,77,30,6840000),
(1522,119,51,59,2,2,65,5,975000),
(1523,6,51,19,4,4,73,100,22000000),
(1524,6,51,59,2,2,65,10,1950000),
(1525,6,51,107,1,2,110,5,2550000),
(1526,6,51,54,1,2,79,10,2350000),
(1527,6,51,1,5,2,58,5,875000),
(1528,6,51,23,6,2,17,25,1875000),
(1529,80,51,16,4,4,69,10,2050000),
(1530,80,51,14,4,4,73,25,5500000),
(1531,80,51,107,5,2,110,3,1530000),
(1532,80,51,77,6,2,82,2,490000),
(1533,181,51,129,5,4,111,25,13000000),
(1534,181,51,23,6,2,16,37,2701000),
(1535,54,51,23,6,2,17,20,1500000),
(1536,54,51,26,6,2,17,10,750000),
(1537,146,51,57,5,2,85,2,520000),
(1538,26,51,19,4,4,77,25,5700000),
(1539,159,51,61,2,2,28,2,190000),
(1540,159,51,27,4,2,67,1,200000),
(1541,23,51,19,4,4,77,25,5700000),
(1542,28,51,14,4,4,73,25,5500000),
(1543,100,51,53,1,2,80,10,2400000),
(1544,100,51,54,1,2,82,5,1225000),
(1545,100,51,81,5,2,116,1,550000),
(1546,175,53,59,2,2,67,5,1000000),
(1547,175,53,25,6,2,7,10,600000),
(1548,175,53,110,1,3,41,10,1300000),
(1549,102,51,25,6,2,7,10,600000),
(1550,102,51,23,6,2,17,10,750000),
(1551,102,51,26,6,2,17,10,750000),
(1552,37,51,111,1,3,39,1,120000),
(1553,37,51,91,5,2,78,1,230000),
(1554,37,51,77,6,2,82,1,245000),
(1555,37,51,19,4,4,78,7,1610000),
(1556,19,54,72,4,2,63,2,380000),
(1557,19,54,121,5,2,40,1,125000),
(1558,19,54,122,5,2,80,1,240000),
(1559,38,51,78,1,2,129,1,2900000),
(1560,60,51,13,4,4,58,5,875000),
(1561,60,51,25,6,2,7,1,60000),
(1562,60,51,23,6,2,17,1,75000),
(1563,101,51,14,4,4,76,10,2250000),
(1564,101,51,13,4,4,58,10,1750000),
(1565,3,51,13,4,4,58,10,1750000),
(1566,27,51,13,4,4,54,25,4250000),
(1567,128,53,19,4,4,78,1,230000),
(1568,128,53,110,1,3,41,1,130000),
(1569,108,51,129,5,4,116,2,1100000),
(1570,149,53,58,2,2,65,25,4875000),
(1571,77,53,14,4,4,76,10,2250000),
(1572,181,52,59,2,2,60,25,4500000),
(1573,181,52,130,6,2,111,5,2600000),
(1574,181,52,79,6,2,83,2,500000),
(1575,68,52,10,4,4,6,100,5800000),
(1576,68,52,16,4,4,63,25,4750000),
(1577,68,52,9,4,4,63,25,4750000),
(1578,68,52,13,4,4,52,25,4125000),
(1579,68,52,1,5,2,58,15,2625000),
(1580,68,52,113,3,2,45,5,725000),
(1581,68,52,21,6,2,48,3,450000),
(1582,68,52,40,1,4,121,3,3000000),
(1583,68,52,124,1,1,28,3,285000),
(1584,68,52,125,1,1,42,3,405000),
(1585,68,52,130,6,2,113,5,2650000),
(1586,68,52,80,5,2,106,2,880000),
(1587,68,52,81,5,2,116,3,1650000),
(1588,68,52,26,6,2,17,4,300000),
(1589,68,52,25,6,2,7,10,600000),
(1590,68,52,58,2,2,65,3,585000),
(1591,68,52,115,3,2,73,5,1100000),
(1592,68,52,74,4,2,63,10,1900000),
(1593,68,52,49,5,2,85,2,520000),
(1594,68,52,27,4,2,65,5,975000),
(1595,68,52,61,2,2,26,15,1380000),
(1596,68,52,47,6,2,60,5,900000),
(1597,127,53,58,2,2,67,9,1800000),
(1598,54,53,51,3,2,39,2,240000),
(1599,44,53,14,4,4,71,500,107500000),
(1600,44,53,61,2,2,28,5,475000),
(1601,44,53,18,4,4,35,25,2825000),
(1602,44,53,3,3,2,7,92,5520000),
(1603,44,53,59,2,2,67,4,800000),
(1604,44,53,58,2,2,67,2,400000),
(1605,44,53,51,3,2,39,2,240000),
(1606,44,53,130,6,2,116,1,550000),
(1607,44,53,79,6,2,83,1,250000),
(1608,44,53,21,6,2,48,1,150000),
(1609,44,53,47,6,2,60,2,360000),
(1610,44,53,112,1,2,61,1,185000),
(1611,44,53,48,6,2,60,2,360000),
(1612,55,53,14,4,4,76,5,1125000),
(1613,51,53,10,4,4,13,10,650000),
(1614,51,53,18,4,4,36,10,1150000),
(1615,51,53,14,4,4,76,10,2250000),
(1616,51,53,42,1,4,120,1,750000),
(1617,181,53,131,2,2,97,50,17100000),
(1618,197,53,1,5,2,60,5,900000),
(1619,197,53,51,3,2,39,5,600000),
(1620,197,53,25,6,2,7,5,300000),
(1621,69,53,9,4,4,65,25,4875000),
(1622,69,53,14,4,4,76,5,1125000),
(1623,69,53,6,4,4,61,15,2775000),
(1624,102,53,58,2,2,67,5,1000000),
(1625,191,53,89,1,4,123,1,1200000),
(1626,188,54,131,2,2,97,50,17100000),
(1627,188,54,133,3,2,86,66,17490000),
(1628,25,54,133,3,2,87,10,2700000),
(1629,25,54,9,4,4,65,10,1950000),
(1630,25,54,18,4,2,33,10,1100000),
(1631,25,54,12,4,4,11,10,630000),
(1632,25,54,14,4,4,71,10,2150000),
(1633,57,54,58,2,2,67,10,2000000),
(1634,117,54,68,4,2,54,1,170000),
(1635,117,54,73,4,2,54,1,170000),
(1636,117,54,109,1,3,40,1,125000),
(1637,79,54,14,4,4,76,3,675000),
(1638,79,54,13,4,4,58,5,875000),
(1639,59,65,11,4,4,70,3,630000),
(1640,59,65,68,4,2,54,1,170000),
(1641,59,65,1,5,2,60,1,180000),
(1642,31,59,124,1,1,28,5,475000),
(1643,54,54,11,4,4,65,100,19500000),
(1644,146,54,11,4,4,69,25,5125000),
(1645,146,54,123,5,2,60,5,900000),
(1646,146,54,122,5,2,80,5,1200000),
(1647,146,54,113,3,2,48,5,750000),
(1648,83,54,123,5,2,58,10,1750000),
(1649,83,54,107,5,2,111,1,520000),
(1650,28,54,11,4,4,69,25,5125000),
(1651,64,54,73,4,2,54,10,1700000),
(1652,64,54,14,4,4,73,25,5500000),
(1653,64,54,21,6,2,48,5,750000),
(1654,64,54,113,3,2,45,25,3625000),
(1655,46,59,113,3,2,48,1,150000),
(1656,46,59,74,4,2,63,1,190000),
(1657,137,54,18,4,4,35,30,3390000),
(1658,152,59,107,5,2,111,2,1040000),
(1659,6,54,11,4,4,65,100,19500000),
(1660,11,55,18,4,4,35,25,2825000),
(1661,11,55,10,4,4,11,25,1575000),
(1662,188,55,125,1,1,42,15,2025000),
(1663,120,59,10,4,4,13,10,650000),
(1664,120,59,113,3,2,48,1,150000),
(1665,120,59,72,4,2,63,1,190000),
(1666,120,59,98,5,2,40,1,125000),
(1667,120,59,96,5,2,40,1,125000),
(1668,120,59,100,5,2,40,1,125000),
(1669,120,59,19,4,4,78,10,2300000),
(1670,20,55,10,4,4,11,30,1890000),
(1671,20,55,14,4,4,76,10,2250000),
(1672,128,59,72,4,2,63,1,190000),
(1673,128,59,68,4,2,54,1,170000),
(1674,128,59,73,4,2,54,1,170000),
(1675,128,59,131,2,2,101,1,355000),
(1676,67,59,11,4,4,69,30,6150000),
(1677,67,59,19,4,4,77,25,5700000),
(1678,6,56,14,4,4,70,100,21000000),
(1679,6,56,1,5,2,58,5,875000),
(1680,159,56,113,3,2,48,2,300000),
(1681,159,56,131,2,2,101,2,710000),
(1682,159,56,50,3,2,39,3,360000),
(1683,80,56,131,2,2,101,10,3550000),
(1684,80,56,130,6,2,116,1,550000),
(1685,80,56,80,5,2,106,2,880000),
(1686,80,56,81,5,2,116,2,1100000),
(1687,71,56,19,4,4,77,25,5700000),
(1688,139,59,14,4,4,73,13,2860000),
(1689,187,56,19,4,4,78,15,3450000),
(1690,187,56,113,3,2,48,2,300000),
(1691,187,56,49,5,2,85,1,260000),
(1692,45,56,11,4,4,67,50,10000000),
(1693,45,56,18,4,4,35,25,2825000),
(1694,135,56,19,4,4,78,10,2300000),
(1695,135,56,14,4,4,76,10,2250000),
(1696,25,59,19,4,4,74,10,2220000),
(1697,25,59,11,4,4,65,10,1950000),
(1698,25,59,13,4,4,54,7,1190000),
(1699,142,56,111,1,3,39,1,120000),
(1700,142,56,109,1,3,40,1,125000),
(1701,142,56,110,1,3,41,1,130000),
(1702,142,56,113,3,2,48,2,300000),
(1703,142,56,129,5,4,116,1,550000),
(1704,134,56,113,3,2,48,5,750000),
(1705,134,56,87,1,2,117,1,650000),
(1706,151,59,14,4,4,76,5,1125000),
(1707,151,59,19,4,4,77,25,5700000),
(1708,150,56,123,5,2,60,5,900000),
(1709,150,56,73,4,2,54,4,680000),
(1710,150,56,61,2,2,28,10,950000),
(1711,150,56,130,6,2,116,1,550000),
(1712,150,56,50,3,2,39,4,480000),
(1713,150,56,11,4,4,69,25,5125000),
(1714,150,56,9,4,4,65,25,4875000),
(1715,184,61,19,4,4,78,10,2300000),
(1716,154,59,11,4,4,67,50,10000000),
(1717,103,59,131,4,2,100,15,5250000),
(1718,54,56,126,3,2,80,5,1200000),
(1719,65,56,11,4,4,70,1,210000),
(1720,21,56,113,3,2,48,1,150000),
(1721,21,56,110,1,3,41,1,130000),
(1722,21,56,111,1,3,39,1,120000),
(1723,106,59,14,4,4,73,12,2640000),
(1724,3,57,126,3,2,80,50,12000000),
(1725,188,59,126,3,2,80,50,12000000),
(1726,181,58,115,3,2,67,15,3000000),
(1727,127,58,126,3,2,80,20,4800000),
(1728,127,58,21,6,2,48,10,1500000),
(1729,127,58,14,4,4,70,100,21000000),
(1730,33,58,11,4,4,69,30,6150000),
(1731,33,58,14,4,4,73,20,4400000),
(1732,33,58,50,3,2,39,5,600000),
(1733,33,58,25,6,2,7,10,600000),
(1734,52,58,31,4,2,109,2,920000),
(1735,52,58,49,5,2,85,1,260000),
(1736,51,58,19,4,4,78,10,2300000),
(1737,114,59,13,4,4,60,25,4500000),
(1738,20,59,19,4,4,78,10,2300000),
(1739,135,58,6,4,4,61,10,1850000),
(1740,44,58,11,4,4,67,50,10000000),
(1741,44,58,19,4,4,76,50,11250000),
(1742,80,58,14,4,4,73,20,4400000),
(1743,80,58,19,4,4,77,25,5700000),
(1744,181,58,14,4,4,69,600,123000000),
(1745,159,58,18,4,4,35,20,2260000),
(1746,159,58,10,4,4,13,10,650000),
(1747,159,58,14,4,4,76,7,1575000),
(1748,159,58,21,6,2,48,1,150000),
(1749,54,58,11,4,4,65,100,19500000),
(1750,103,59,10,4,4,7,100,6000000),
(1751,179,59,19,4,4,76,50,11250000),
(1752,2,60,1,5,2,54,50,8500000),
(1753,164,61,11,4,4,70,5,1050000),
(1754,164,61,111,1,3,39,3,360000),
(1755,164,61,110,1,3,41,3,390000),
(1756,164,61,96,5,2,40,1,125000),
(1757,164,61,100,5,2,40,1,125000),
(1758,46,61,3,3,2,13,7,455000),
(1759,46,61,2,3,2,13,4,260000),
(1760,179,61,21,6,2,44,30,4200000),
(1761,179,61,133,3,2,87,20,5400000),
(1762,117,61,16,4,4,69,2,410000),
(1763,117,61,10,4,4,13,5,325000),
(1764,182,61,133,3,2,86,70,18550000),
(1765,188,63,133,3,2,86,62,16430000),
(1766,188,63,109,1,4,127,5,11750000),
(1767,188,63,133,3,2,86,9,2385000),
(1768,94,61,21,6,2,44,20,2800000),
(1769,179,60,133,3,2,86,20,5300000),
(1770,85,61,19,4,4,78,10,2300000),
(1771,85,61,113,3,2,41,5,650000),
(1772,85,61,115,3,2,76,2,450000),
(1773,85,61,48,6,2,60,1,180000),
(1774,25,60,133,3,2,87,10,2700000),
(1775,188,61,59,2,2,61,100,18500000),
(1776,13,62,59,2,2,67,5,1000000),
(1777,136,61,126,3,2,80,25,6000000),
(1778,169,61,59,2,2,63,50,9500000),
(1779,5,61,123,5,2,58,20,3500000),
(1780,5,61,107,5,2,110,5,2550000),
(1781,60,61,128,5,2,48,1,150000),
(1782,60,61,4,5,2,49,1,155000),
(1783,60,61,11,4,4,70,5,1050000),
(1784,60,61,10,4,4,13,5,325000),
(1785,48,61,49,5,2,85,2,520000),
(1786,48,61,59,2,2,65,5,975000),
(1787,48,61,58,2,2,65,5,975000),
(1788,48,61,128,5,2,45,10,1450000),
(1789,159,61,126,3,2,82,1,245000),
(1790,159,61,125,1,1,42,1,135000),
(1791,159,61,128,5,2,48,2,300000),
(1792,54,61,59,2,2,63,25,4750000),
(1793,54,61,58,2,2,65,25,4875000),
(1794,150,61,126,3,2,82,1,245000),
(1795,150,61,3,3,2,7,50,3000000),
(1796,161,61,19,4,4,78,5,1150000),
(1797,161,61,10,4,4,13,5,325000),
(1798,161,61,72,4,2,63,1,190000),
(1799,38,61,1,5,2,58,10,1750000),
(1800,38,61,113,3,2,45,10,1450000),
(1801,38,61,49,5,2,85,2,520000),
(1802,166,61,37,1,4,122,1,1050000),
(1803,80,61,59,2,2,65,10,1950000),
(1804,80,61,126,3,2,82,5,1225000),
(1805,80,61,111,1,3,39,6,720000),
(1806,6,61,58,2,2,65,10,1950000),
(1807,156,61,19,4,4,78,5,1150000),
(1808,39,61,125,1,1,42,1,135000),
(1809,39,61,124,1,1,28,1,95000),
(1810,147,61,19,4,4,78,10,2300000),
(1811,203,61,59,2,2,67,5,1000000),
(1812,203,61,66,4,2,88,10,2750000),
(1813,203,61,42,1,4,120,1,750000),
(1814,203,61,68,4,2,54,5,850000),
(1815,203,61,73,4,2,54,5,850000),
(1816,203,61,113,3,2,48,2,300000),
(1817,116,65,17,4,4,11,50,3150000),
(1818,98,61,49,5,2,83,5,1250000),
(1819,18,61,8,4,4,39,15,1800000),
(1820,18,61,11,4,4,70,10,2100000),
(1821,18,61,77,6,2,82,1,245000),
(1822,18,61,48,6,2,60,1,180000),
(1823,18,61,47,6,2,60,1,180000),
(1824,124,61,113,3,2,48,1,150000),
(1825,124,61,115,3,2,76,1,225000),
(1826,181,62,58,2,2,65,30,5850000),
(1827,82,64,19,4,4,76,50,11250000),
(1828,94,65,19,4,4,73,100,22000000),
(1829,51,63,14,4,4,76,15,3375000),
(1830,51,63,61,2,2,28,1,95000),
(1831,51,63,67,4,2,63,2,380000),
(1832,51,63,41,1,4,119,1,700000),
(1833,38,63,11,4,4,65,100,19500000),
(1834,33,63,3,3,2,7,50,3000000),
(1835,33,63,2,3,2,8,25,1525000),
(1836,6,63,113,3,2,45,10,1450000),
(1837,6,63,107,5,2,110,5,2550000),
(1838,6,63,46,6,2,19,50,4150000),
(1839,23,63,124,1,1,28,5,475000),
(1840,23,63,125,1,1,42,5,675000),
(1841,23,63,88,1,1,105,2,810000),
(1842,23,63,58,2,2,65,9,1755000),
(1843,28,63,19,4,4,89,25,6950000),
(1844,28,63,46,6,2,19,30,2490000),
(1845,28,63,124,1,1,28,10,950000),
(1846,28,63,125,1,1,42,10,1350000),
(1847,28,63,88,1,1,105,1,405000),
(1848,28,63,58,2,2,67,5,1000000),
(1849,28,63,42,1,4,120,1,750000),
(1850,41,65,10,4,4,13,10,650000),
(1851,41,65,72,4,2,63,1,190000),
(1852,41,65,75,4,2,54,1,170000),
(1853,41,65,73,4,2,54,1,170000),
(1854,52,63,111,1,3,39,5,600000),
(1855,52,63,21,6,2,48,1,150000),
(1856,127,63,14,4,4,69,400,82000000),
(1857,102,63,111,1,4,125,1,2300000),
(1858,102,63,115,3,2,76,10,2250000),
(1859,54,63,111,1,4,125,1,2300000),
(1860,146,63,126,3,2,82,5,1225000),
(1861,12,65,11,4,4,70,10,2100000),
(1862,116,65,16,4,4,67,25,5000000),
(1863,136,64,25,6,2,7,25,1500000),
(1864,184,63,123,5,2,59,5,890000),
(1865,24,43,74,4,2,63,1,190000),
(1866,24,43,72,4,2,63,1,190000),
(1867,24,43,113,3,2,48,1,150000),
(1868,123,64,123,5,2,58,15,2625000),
(1869,39,64,21,6,2,48,1,150000),
(1870,144,65,49,5,2,83,10,2500000),
(1871,28,65,82,6,2,42,10,1350000),
(1872,28,65,126,3,2,82,5,1225000),
(1873,49,65,46,6,2,20,30,2550000),
(1874,49,65,49,5,2,85,2,520000),
(1875,67,65,11,4,4,67,50,10000000),
(1876,191,66,107,5,2,111,1,520000),
(1877,191,66,54,1,2,82,2,490000),
(1878,191,66,79,6,2,83,1,250000),
(1879,191,66,82,6,2,83,1,250000),
(1880,191,66,72,4,2,63,4,760000),
(1881,191,66,16,4,4,65,25,4875000),
(1882,116,67,37,1,4,122,2,2100000),
(1883,151,67,19,4,4,77,25,5700000),
(1884,16,67,21,6,2,45,5,725000),
(1885,16,67,26,6,2,17,5,375000),
(1886,16,67,62,2,2,29,20,2000000),
(1887,16,67,14,4,4,54,20,3400000),
(1888,181,68,82,6,2,42,10,1350000),
(1889,135,68,109,1,3,40,1,125000),
(1890,135,68,18,4,4,36,10,1150000),
(1891,135,68,17,4,4,13,10,650000),
(1892,159,68,42,1,4,120,1,750000),
(1893,159,68,54,1,2,82,2,490000),
(1894,159,68,13,4,4,36,10,1150000),
(1895,10,68,19,4,4,77,25,5700000),
(1896,10,68,16,4,4,67,25,5000000),
(1897,80,68,26,6,2,17,10,750000),
(1898,54,68,49,5,2,82,10,2450000),
(1899,54,68,82,6,2,42,10,1350000),
(1900,36,68,6,4,4,58,100,17500000),
(1901,6,68,129,5,4,116,5,2750000),
(1902,6,68,49,5,2,83,5,1250000),
(1903,136,68,20,2,1,15,25,1800000),
(1904,183,68,19,4,4,73,10,2200000),
(1905,106,68,14,4,4,73,25,5500000),
(1906,11,68,13,4,4,58,3,525000),
(1907,172,68,19,4,4,76,25,5625000),
(1908,201,69,19,4,4,77,25,5700000),
(1909,182,69,78,1,2,129,1,2900000),
(1910,113,69,59,2,2,67,8,1600000),
(1911,151,61,59,2,2,67,5,1000000),
(1912,151,61,109,1,4,127,1,2350000),
(1913,151,61,133,3,2,87,5,1350000),
(1914,15,67,10,4,4,11,50,3150000),
(1915,15,67,13,4,4,54,30,5100000),
(1916,188,67,19,4,4,73,200,44000000),
(1917,127,68,66,4,2,86,100,26500000),
(1918,175,61,19,4,4,78,10,2300000),
(1919,175,61,58,2,2,67,5,1000000),
(1920,175,61,66,4,2,87,10,2700000),
(1921,175,61,76,4,1,60,10,1800000),
(1922,175,61,115,3,2,76,5,1125000),
(1923,175,61,4,5,2,49,5,775000),
(1924,175,61,1,5,2,58,10,1750000),
(1,1,2,51,3,2,39,1,120000),
(2,1,2,50,3,2,39,1,120000);

/*!40101 SET SQL_MODE=@OLD_SQL_MODE */;
/*!40014 SET FOREIGN_KEY_CHECKS=@OLD_FOREIGN_KEY_CHECKS */;
/*!40014 SET UNIQUE_CHECKS=@OLD_UNIQUE_CHECKS */;
/*!40111 SET SQL_NOTES=@OLD_SQL_NOTES */;
